Ngay,GiaDongCua,GiaMoCua,GiaCaoNhat,GiaThapNhat,KhoiLuong,% ThayDoi
29/12/2023,67.6,68.7,68.7,67.6,1954700,-0.9(-1.31 %)
28/12/2023,68.5,67.5,68.5,67.5,2408700,1(1.48 %)
27/12/2023,67.5,68,68.2,67.5,1626400,0(0.00 %)
26/12/2023,68,68.3,68.5,68,1975400,0.1(0.15 %)
25/12/2023,67.9,67.6,68.7,67.6,2672700,0.3(0.44 %)
22/12/2023,67.6,67.8,68.1,67.5,2145700,-0.2(-0.29 %)
21/12/2023,67.8,67.9,68.3,67.8,2585900,-0.3(-0.44 %)
20/12/2023,68.1,67,68.2,67,2603900,1.1(1.64 %)
19/12/2023,67,67.1,67.4,66.3,3061900,0(0.00 %)
18/12/2023,67,68.1,68.2,67,3513100,-1.1(-1.62 %)
15/12/2023,68.1,68.5,68.6,68.1,3739700,-0.3(-0.44 %)
14/12/2023,68.4,68.4,68.9,68.2,1462000,0.2(0.29 %)
13/12/2023,68.2,69.6,69.7,68.1,4511000,-1.2(-1.73 %)
12/12/2023,69.4,70,70.1,69,2788700,-0.6(-0.86 %)
11/12/2023,70,70.5,70.5,69.9,4734500,1(1.45 %)
08/12/2023,69,68.4,69.3,68,3729400,0.6(0.88 %)
07/12/2023,68.4,68.8,68.8,67.5,3874400,-0.1(-0.15 %)
06/12/2023,68.5,68.1,68.6,68.1,1606600,0.4(0.59 %)
05/12/2023,68.1,68.8,69,68,2302100,-0.7(-1.02 %)
04/12/2023,68.8,68.5,69.5,68.4,3006800,0.4(0.58 %)
01/12/2023,68.4,68,68.5,67.7,1391800,1(1.48 %)
30/11/2023,67.4,68.4,68.7,67.4,2581600,-1(-1.46 %)
29/11/2023,68.4,68.5,68.8,68.2,1262500,-0.1(-0.15 %)
28/11/2023,68.5,68.1,68.5,67.5,1775600,0.4(0.59 %)
27/11/2023,68.1,68.3,68.4,67.9,1333300,-0.2(-0.29 %)
24/11/2023,68.3,68.6,68.9,67.6,3128900,-0.4(-0.58 %)
23/11/2023,68.7,69.8,69.9,68.7,1623100,-0.7(-1.01 %)
22/11/2023,69.4,69.5,70.2,69,1302200,-0.1(-0.14 %)
21/11/2023,69.5,69.4,69.8,68.9,2959800,0.2(0.29 %)
20/11/2023,69.3,69.2,69.9,69,1770000,-0.7(-1.00 %)
17/11/2023,70,71,71.1,69.2,2335800,-0.3(-0.43 %)
16/11/2023,70.3,70.6,71.3,69.9,2338200,-0.4(-0.57 %)
15/11/2023,70.7,70,71.8,70,3949400,1.8(2.61 %)
14/11/2023,68.9,69,69.4,68.2,2996000,0.2(0.29 %)
13/11/2023,68.7,69.7,70,68.6,1730800,-0.9(-1.29 %)
10/11/2023,69.6,70.8,70.8,69.6,2833100,-1.1(-1.56 %)
09/11/2023,70.7,71.6,72.1,70.7,3420100,-0.7(-0.98 %)
08/11/2023,71.4,70.8,71.5,69.8,2339600,0.6(0.85 %)
07/11/2023,70.8,70.5,70.8,69.8,1474700,-0.2(-0.28 %)
06/11/2023,71,70.2,71.5,70.1,1136800,1(1.43 %)
03/11/2023,70,70.9,70.9,69.8,1692700,-0.9(-1.27 %)
02/11/2023,70.9,70.5,70.9,69.8,2390200,0.5(0.71 %)
01/11/2023,70.4,69,70.5,67.9,2337200,2.4(3.53 %)
31/10/2023,68,67.9,69.5,67.6,2183600,0.4(0.59 %)
30/10/2023,67.6,67.9,68,67.1,1047000,-0.4(-0.59 %)
27/10/2023,68,67.3,68,66.6,1811000,1(1.49 %)
26/10/2023,67,68.5,68.6,65.9,5201700,-2(-2.90 %)
25/10/2023,69,70.3,70.8,69,2423700,-1.3(-1.85 %)
24/10/2023,70.3,70.2,70.8,70.1,1099500,0.1(0.14 %)
23/10/2023,70.2,71.7,72,70.1,2725900,-2.1(-2.90 %)
20/10/2023,72.3,71.3,72.5,70.2,2371800,0.9(1.26 %)
19/10/2023,71.4,73.4,73.4,70.9,3904700,-2.5(-3.38 %)
18/10/2023,73.9,74.8,74.8,72.4,2572400,-0.9(-1.20 %)
17/10/2023,74.8,75.3,76.1,74.8,1421900,-0.4(-0.53 %)
16/10/2023,75.2,75.1,75.8,74.7,1344400,-0.6(-0.79 %)
13/10/2023,75.8,75.4,76.3,75,1487000,0.3(0.40 %)
12/10/2023,75.5,74.5,75.9,74.5,2534800,1.1(1.48 %)
11/10/2023,74.4,74.6,74.8,74,1134400,0(0.00 %)
10/10/2023,74.4,74.3,75,74,1023900,0.7(0.95 %)
09/10/2023,73.7,74,74.1,73.6,830900,-0.5(-0.67 %)
06/10/2023,74.2,72.7,74.2,72.6,1227000,1.5(2.06 %)
05/10/2023,72.7,74.1,74.4,72.7,2571400,-1.7(-2.28 %)
04/10/2023,74.4,73.6,74.6,73.4,1077900,0.4(0.54 %)
03/10/2023,74,74.6,75.1,73.9,1993700,-1.6(-2.12 %)
02/10/2023,75.6,74.2,75.6,74.2,1159900,1.4(1.89 %)
29/09/2023,74.2,75,76.4,74.2,1403900,-0.6(-0.80 %)
28/09/2023,74.8,76.1,76.4,74.8,1889300,-1.8(-2.35 %)
27/09/2023,76.6,76.3,76.6,74.8,2273300,0.5(0.66 %)
26/09/2023,76.1,77.6,78,76,2534600,-1.5(-1.93 %)
25/09/2023,77.6,77.2,78.5,76.7,2755500,0.1(0.13 %)
22/09/2023,77.5,77.1,78.3,75.8,4244900,-0.5(-0.64 %)
21/09/2023,78,78.1,78.3,77.3,2537900,-0.3(-0.38 %)
20/09/2023,78.3,78.4,78.8,78,1842800,-0.6(-0.76 %)
19/09/2023,78.9,78.5,78.9,77.4,2571700,0(0.00 %)
18/09/2023,78.9,79.1,79.8,78.7,1322100,-0.6(-0.75 %)
15/09/2023,79.5,79.4,81.2,79,5614800,0.1(0.13 %)
14/09/2023,79.4,78.5,80,78.4,2482600,0.3(0.38 %)
13/09/2023,79.1,79.6,80.3,78.7,2507000,-1.2(-1.49 %)
12/09/2023,80.3,79,80.7,78.3,2668500,0.8(1.01 %)
11/09/2023,79.5,80,81.1,77.6,4234900,-0.5(-0.62 %)
08/09/2023,80,79.2,80.1,79.1,2774900,0.5(0.63 %)
07/09/2023,79.5,79.9,80,78.6,3526700,-0.5(-0.62 %)
06/09/2023,80,80.1,80.1,79.5,2280400,-0.1(-0.12 %)
05/09/2023,80.1,78.5,80.5,78.1,6839900,2.3(2.96 %)
31/08/2023,77.8,77.5,78.9,77.1,3836000,0(0.00 %)
30/08/2023,77.8,77,78.5,76.5,2659700,0.4(0.52 %)
29/08/2023,77.4,77.5,77.6,76.2,4199900,-0.5(-0.64 %)
28/08/2023,77.9,75,78.1,75,5466800,3(4.01 %)
25/08/2023,74.9,75.3,75.3,74.3,2751400,0.2(0.27 %)
24/08/2023,74.7,73.5,74.9,73,4419900,1.2(1.63 %)
23/08/2023,73.5,72.4,73.6,71.6,3072800,0.8(1.10 %)
22/08/2023,72.7,73.2,73.2,71.1,3075100,-0.2(-0.27 %)
21/08/2023,72.9,72.7,73.8,72.7,3055200,-0.4(-0.55 %)
18/08/2023,73.3,73.5,74.8,72.1,7106200,-0.3(-0.41 %)
17/08/2023,73.6,73.1,74.5,72.9,4580900,0.5(0.68 %)
16/08/2023,73.1,72.8,73.5,72.5,2083900,0.3(0.41 %)
15/08/2023,72.8,72.9,73.4,72.7,2219700,-0.6(-0.82 %)
14/08/2023,73.4,73.4,73.5,72.5,3066500,-0.1(-0.14 %)
11/08/2023,73.5,73.1,73.5,72.4,2181300,0.4(0.55 %)
10/08/2023,73.1,73.1,74,72.9,2733200,0(0.00 %)
09/08/2023,73.1,74.5,74.5,72.8,3705000,-1.4(-1.88 %)
08/08/2023,74.5,74.7,74.9,73.9,3430500,-0.4(-0.53 %)
07/08/2023,74.9,72.9,74.9,72.3,4317900,1.9(2.60 %)
04/08/2023,73,72.5,73,72,3165200,0.4(0.55 %)
03/08/2023,72.6,74.1,74.1,72.6,2917600,-1(-1.36 %)
02/08/2023,76.1,76,76.5,75.3,2678900,0.1(0.13 %)
01/08/2023,76,78,78,76,5730800,-2(-2.56 %)
31/07/2023,78,77.3,78.4,77.2,3364900,0.6(0.78 %)
28/07/2023,77.4,75.8,77.7,75.6,5473600,1.7(2.25 %)
27/07/2023,75.7,75,75.8,74.8,4178200,0.7(0.93 %)
26/07/2023,75,74.4,75.2,74.3,3189700,0.5(0.67 %)
25/07/2023,74.5,73.6,74.7,73.1,4245900,0.9(1.22 %)
24/07/2023,73.6,73.5,74,73.3,2535300,0.1(0.14 %)
21/07/2023,73.5,72.6,73.5,72.5,3341800,0.9(1.24 %)
20/07/2023,72.6,72.6,72.8,72.3,2600700,0(0.00 %)
19/07/2023,72.6,72.5,73,72.4,2945100,0.2(0.28 %)
18/07/2023,72.4,72.5,72.6,72.2,2930000,0.1(0.14 %)
17/07/2023,72.3,73,73.6,72.2,3922800,-1(-1.36 %)
14/07/2023,73.3,73.2,73.4,72.1,5209700,0.2(0.27 %)
13/07/2023,73.1,73.4,73.8,72.9,3783500,-0.4(-0.54 %)
12/07/2023,73.5,72.9,73.5,72.6,4195800,0.7(0.96 %)
11/07/2023,72.8,72.1,73.4,71.7,5702300,0.7(0.97 %)
10/07/2023,72.1,71.4,72.7,71.2,6171100,1.2(1.69 %)
07/07/2023,70.9,70.7,71.2,70.4,5780500,0.4(0.57 %)
06/07/2023,70.5,69.9,70.7,69.8,7631000,0.7(1.00 %)
05/07/2023,69.8,70.8,70.8,69.6,6659200,-0.8(-1.13 %)
04/07/2023,70.6,70.5,71.2,70.1,4781600,-0.1(-0.14 %)
03/07/2023,70.7,71.1,71.4,70.3,3186200,-0.3(-0.42 %)
30/06/2023,71,71.9,72,70.8,3645000,-0.9(-1.25 %)
29/06/2023,71.9,70.6,72.4,70.1,7698400,1.3(1.84 %)
28/06/2023,70.6,70.5,70.9,69.7,6154700,0.1(0.14 %)
27/06/2023,70.5,70.8,70.8,69.6,5978900,-0.1(-0.14 %)
26/06/2023,70.6,69.3,70.7,68.3,10737800,1.5(2.17 %)
23/06/2023,69.1,67,69.5,67,11958000,2.2(3.29 %)
22/06/2023,66.9,66.5,67.3,66.3,5610600,0.6(0.90 %)
21/06/2023,66.3,65.6,66.3,65.5,3490900,0.8(1.22 %)
20/06/2023,65.5,65.9,65.9,65.5,2963000,-0.3(-0.46 %)
19/06/2023,65.8,66.3,66.6,65.6,3279400,-0.3(-0.45 %)
16/06/2023,66.1,66.5,66.6,66,5993000,-0.2(-0.30 %)
15/06/2023,66.3,67.3,67.4,66.2,4687800,-0.8(-1.19 %)
14/06/2023,67.1,67.7,68.2,67.1,4910200,-0.5(-0.74 %)
13/06/2023,67.6,68.1,68.3,67.5,4943400,-0.3(-0.44 %)
12/06/2023,67.9,66,68,66,5450300,2.1(3.19 %)
09/06/2023,65.8,65.6,66.5,65.5,2080200,0.3(0.46 %)
08/06/2023,65.5,66.5,66.5,65.5,5036500,-0.7(-1.06 %)
07/06/2023,66.2,66.5,66.7,66,3719000,-0.2(-0.30 %)
06/06/2023,66.4,66.9,66.9,66,3423000,-0.1(-0.15 %)
05/06/2023,66.5,66.5,67.2,66.2,3323000,0.6(0.91 %)
02/06/2023,65.9,66.2,66.3,65.5,2969700,-0.2(-0.30 %)
01/06/2023,66.1,66.1,66.5,66,1214500,0(0.00 %)
31/05/2023,66.1,66.8,66.8,66.1,1466600,-0.4(-0.60 %)
30/05/2023,66.5,67.1,67.4,66.5,1770500,-0.6(-0.89 %)
29/05/2023,67.1,67.3,67.7,67.1,1043600,0(0.00 %)
26/05/2023,67.1,67.4,68,67.1,904500,0(0.00 %)
25/05/2023,67.1,66.2,67.5,66,1305500,0.8(1.21 %)
24/05/2023,66.3,67.1,67.4,66.1,2350000,-0.7(-1.04 %)
23/05/2023,67,68,68.4,67,2935700,-1.2(-1.76 %)
22/05/2023,68.2,68.7,69,68.2,1698000,-0.4(-0.58 %)
19/05/2023,68.6,69.4,69.5,68.6,1203800,-0.6(-0.87 %)
18/05/2023,69.2,69,70,68.5,2496400,0.2(0.29 %)
17/05/2023,69,69.7,69.7,68.8,1869200,-0.7(-1.00 %)
16/05/2023,69.7,69,69.7,69,1380300,0.7(1.01 %)
15/05/2023,69,69.9,69.9,69,1537800,-0.6(-0.86 %)
12/05/2023,69.6,70.4,70.4,69.5,1214100,-0.4(-0.57 %)
11/05/2023,70,70.5,70.9,70,447300,-0.5(-0.71 %)
10/05/2023,70.5,70.8,71.1,70.5,951600,-0.2(-0.28 %)
09/05/2023,70.7,70.8,71,70.5,871300,0.3(0.43 %)
08/05/2023,70.4,69,70.4,69,1227700,1.6(2.33 %)
05/05/2023,68.8,68.6,69.2,68.6,712200,0.2(0.29 %)
04/05/2023,68.6,70,70,68.4,2657800,-1.4(-2.00 %)
28/04/2023,70,69.8,70.2,69.7,1116700,0.5(0.72 %)
27/04/2023,69.5,71,71,69.5,1369100,-1.5(-2.11 %)
26/04/2023,71,70,71,70,941600,1.1(1.57 %)
25/04/2023,69.9,70.5,71.4,69.8,1370200,-0.6(-0.85 %)
24/04/2023,70.5,71,71.1,70.2,1134600,-0.4(-0.56 %)
21/04/2023,70.9,72,72,70.8,1107600,-1(-1.39 %)
20/04/2023,71.9,72.1,72.6,71.8,822300,-0.1(-0.14 %)
19/04/2023,72,73.1,73.1,72,816300,-1(-1.37 %)
18/04/2023,73,71.8,73,71.8,931800,1.3(1.81 %)
17/04/2023,71.7,72.8,72.9,71.7,1365400,-1.1(-1.51 %)
14/04/2023,72.8,73.6,73.7,72.8,1294000,-0.7(-0.95 %)
13/04/2023,73.5,74.3,74.4,73.5,889600,-0.8(-1.08 %)
12/04/2023,74.3,74.4,74.4,74,979100,-0.1(-0.13 %)
11/04/2023,74.4,74.3,74.5,74.1,782800,0(0.00 %)
10/04/2023,74.4,74.7,74.7,74.4,832700,-0.3(-0.40 %)
07/04/2023,74.7,74.4,74.7,74.3,794400,0.4(0.54 %)
06/04/2023,74.3,74.4,74.6,74.3,905600,-0.2(-0.27 %)
05/04/2023,74.5,74.2,74.8,74.1,963400,0.3(0.40 %)
04/04/2023,74.2,74.4,74.5,74.2,1819000,-0.2(-0.27 %)
03/04/2023,74.4,74.6,74.9,74.2,850600,0(0.00 %)
31/03/2023,74.4,75,75.4,74.4,1076100,-0.6(-0.80 %)
30/03/2023,75,74.7,75.4,74.6,838700,0.1(0.13 %)
29/03/2023,74.9,74.7,74.9,74.4,907400,0.5(0.67 %)
28/03/2023,74.4,74.5,75.3,74.4,1650000,-0.2(-0.27 %)
27/03/2023,74.6,75,75,74.3,1371500,-0.4(-0.53 %)
24/03/2023,75,75,75.5,74.8,932300,-0.3(-0.40 %)
23/03/2023,75.3,74.3,75.3,74,1285000,0.9(1.21 %)
22/03/2023,74.4,74.6,74.7,74.4,900200,0(0.00 %)
21/03/2023,74.4,74.4,75.1,74.2,1350200,0.1(0.13 %)
20/03/2023,74.3,75,75,74.1,1609600,-0.2(-0.27 %)
17/03/2023,74.5,76.4,76.4,74.5,2432800,-1.9(-2.49 %)
16/03/2023,76.4,77,77.1,75.9,1529200,-0.7(-0.91 %)
15/03/2023,77.1,76.6,77.3,76.5,1960200,0.5(0.65 %)
14/03/2023,76.6,76.3,76.9,75.6,1735100,-0.3(-0.39 %)
13/03/2023,76.9,76.8,77.1,76.6,1824500,0(0.00 %)
10/03/2023,76.9,76.5,77.2,76.1,1427700,0.4(0.52 %)
09/03/2023,76.5,76.2,77.1,76.2,1389700,0(0.00 %)
08/03/2023,76.5,75.2,76.5,75,1244400,0.7(0.92 %)
07/03/2023,75.8,75.9,76.2,75.5,1170900,0.8(1.07 %)
06/03/2023,75,76,76.6,75,891800,-1(-1.32 %)
03/03/2023,76,75,76.8,75,704200,-0.5(-0.65 %)
02/03/2023,76.5,76.9,76.9,76.1,1088800,-0.4(-0.52 %)
01/03/2023,76.9,75.1,77,75,1635500,1.4(1.85 %)
28/02/2023,75.5,75.5,75.9,75.1,1034300,0.3(0.40 %)
27/02/2023,75.2,74.7,75.9,74,1112500,0.5(0.67 %)
24/02/2023,74.7,75.7,76,74.5,1681000,-1(-1.32 %)
23/02/2023,75.7,75.5,76.9,74.4,2327900,0.2(0.26 %)
22/02/2023,75.5,76.3,76.7,75.5,1295600,-1.7(-2.20 %)
21/02/2023,77.2,77.5,77.6,76.7,888300,-0.3(-0.39 %)
20/02/2023,77.5,76,77.5,75.5,1385300,1.5(1.97 %)
17/02/2023,76,76.1,76.4,75.3,777000,-0.5(-0.65 %)
16/02/2023,76.5,76,76.5,75.6,691300,0.5(0.66 %)
15/02/2023,76,74.7,76,74.4,1443500,1.3(1.74 %)
14/02/2023,74.7,75.3,75.7,74.4,1073500,-0.6(-0.80 %)
13/02/2023,75.3,75.9,75.9,74.1,1569000,-0.6(-0.79 %)
10/02/2023,75.9,75,75.9,75,1236100,0.9(1.20 %)
09/02/2023,75,75.8,76,75,1593600,-0.8(-1.06 %)
08/02/2023,75.8,76.2,76.6,75.7,1550000,-0.3(-0.39 %)
07/02/2023,76.1,77.6,77.6,76.1,1274400,-1.3(-1.68 %)
06/02/2023,77.4,75.9,77.5,75.9,1910700,1.4(1.84 %)
03/02/2023,76,77,77.1,75.9,1855200,-0.7(-0.91 %)
02/02/2023,76.7,77.4,77.5,76.7,1494400,-0.5(-0.65 %)
01/02/2023,77.2,77.7,77.8,76.9,1810400,0.1(0.13 %)
31/01/2023,77.1,79.2,79.5,76.9,4817500,-2.3(-2.90 %)
30/01/2023,79.4,80,80,79.4,1614000,-0.6(-0.75 %)
27/01/2023,80,81.4,81.9,79.6,2331800,-1.3(-1.60 %)
19/01/2023,81.3,80.8,81.5,80,2627700,0(0.00 %)
18/01/2023,81.3,80.9,81.5,80.7,1297900,0.4(0.49 %)
17/01/2023,80.9,80.2,81,79.4,1671400,1.5(1.89 %)
16/01/2023,79.4,80.6,80.8,79.4,654700,-1.2(-1.49 %)
13/01/2023,80.6,80.2,81.1,80.1,1449000,0.6(0.75 %)
12/01/2023,80,79.9,80.2,79.3,684900,0.6(0.76 %)
11/01/2023,79.4,81,81.6,79.4,1534700,-1.6(-1.98 %)
10/01/2023,81,80.9,81.5,80.6,1196000,0.3(0.37 %)
09/01/2023,80.7,79.9,80.7,79.6,948300,0.9(1.13 %)
06/01/2023,79.8,81,81.2,79.6,1269700,-1.4(-1.72 %)
05/01/2023,81.2,79.3,81.4,79,2469800,1.9(2.40 %)
04/01/2023,79.3,78.7,79.3,78.6,1089800,0.8(1.02 %)
03/01/2023,78.5,76.5,78.5,76.2,1496000,2.4(3.15 %)
30/12/2022,76.1,78,78,76.1,1199300,-0.9(-1.17 %)
29/12/2022,77,77.4,78.2,77,1329700,0(0.00 %)
28/12/2022,77,76.7,78,76.6,1188500,0.4(0.52 %)
27/12/2022,76.6,76.8,78,76,1586800,0.6(0.79 %)
26/12/2022,76,76.4,77.6,75.9,1657600,-0.2(-0.26 %)
23/12/2022,76.2,77.1,78.2,76.2,1561800,-0.8(-1.04 %)
22/12/2022,77,79.3,79.5,77,1587300,-1.3(-1.66 %)
21/12/2022,79.7,79.7,80.6,79.5,2305500,1(1.27 %)
20/12/2022,78.7,77.3,79.7,76.9,3030300,1.7(2.21 %)
19/12/2022,77,78.5,78.5,77,2422700,-1(-1.28 %)
16/12/2022,78,77.7,78.8,77.6,3002000,0.4(0.52 %)
15/12/2022,77.6,77.5,79.2,77.3,2595300,0.1(0.13 %)
14/12/2022,77.5,79.4,79.4,77.5,3522100,-0.5(-0.64 %)
13/12/2022,78,78.6,79.4,77.2,3610400,-0.5(-0.64 %)
12/12/2022,78.5,80.3,81.9,78.4,3142700,-1.5(-1.88 %)
09/12/2022,80,81,81.8,80,2408500,-1(-1.23 %)
08/12/2022,81,83,84,81,1597100,-1.5(-1.82 %)
07/12/2022,82.5,83,84.3,81.8,1839600,0(0.00 %)
06/12/2022,82.5,85,85.1,82.5,1395300,-2.5(-2.94 %)
05/12/2022,85,84.1,85.6,84.1,2066000,1(1.19 %)
02/12/2022,84,82.3,84,82,2521800,1.6(1.94 %)
01/12/2022,82.4,81.6,82.9,81.6,2216800,-0.4(-0.48 %)
30/11/2022,82.8,83,83,81.5,1995600,-0.2(-0.24 %)
29/11/2022,83,81.3,83.3,80.5,2404200,1.3(1.59 %)
28/11/2022,81.7,82,83.4,81.7,2299200,-0.5(-0.61 %)
25/11/2022,82.2,81.3,82.7,81,2596100,1(1.23 %)
24/11/2022,81.2,79,81.2,78.9,2881100,1.8(2.27 %)
23/11/2022,79.4,79.5,79.7,78.3,773100,-0.1(-0.13 %)
22/11/2022,79.5,77.5,80.2,77.4,2281200,1.6(2.05 %)
21/11/2022,77.9,77,77.9,76.9,1787400,0.9(1.17 %)
18/11/2022,77,77,77.8,75.7,2229300,1(1.32 %)
17/11/2022,76,76.8,78.3,75.1,2599500,1.5(2.01 %)
16/11/2022,74.5,75.5,78.8,73.8,3542600,-2.5(-3.25 %)
15/11/2022,77,79,79.4,76.5,2089600,-2(-2.53 %)
14/11/2022,79,78,82,76.1,2596800,0.6(0.77 %)
11/11/2022,78.4,78.9,80.4,78.4,1564400,0(0.00 %)
10/11/2022,78.4,80.9,81,77,2637600,-2.5(-3.09 %)
09/11/2022,80.9,82,82.2,80,2701100,-1.5(-1.82 %)
08/11/2022,82.4,82.2,82.4,79.6,2301400,0.2(0.24 %)
07/11/2022,82.2,80.1,82.2,80,2638300,2.2(2.75 %)
04/11/2022,80,79.9,81,78,2909200,0(0.00 %)
03/11/2022,80,78,80.7,78,1278300,1.7(2.17 %)
02/11/2022,78.3,80.2,80.3,78.3,1830500,-1.9(-2.37 %)
01/11/2022,80.2,78.5,82.5,78.5,3180100,1.7(2.17 %)
31/10/2022,78.5,77.7,78.5,77.3,1572200,0.5(0.64 %)
28/10/2022,78,78.5,78.6,77.7,1438800,-0.5(-0.64 %)
27/10/2022,78.5,76,78.5,76,2283600,2.5(3.29 %)
26/10/2022,76,76,76.4,75.6,824700,0(0.00 %)
25/10/2022,76,74.1,76.8,74.1,1657600,2(2.70 %)
24/10/2022,74,77.2,77.2,74,1578600,-3(-3.90 %)
21/10/2022,77,77.5,78.4,76.5,2097600,-0.5(-0.65 %)
20/10/2022,77.5,76.6,77.5,75.8,2290400,0.9(1.17 %)
19/10/2022,76.6,76.1,76.8,76.1,1038000,0.1(0.13 %)
18/10/2022,76.5,75,77,74.7,3137000,2.4(3.24 %)
17/10/2022,74.1,73.8,75.1,73.7,1679700,0.1(0.14 %)
14/10/2022,74,74,74.5,73.7,1436500,0.2(0.27 %)
13/10/2022,73.8,71,73.8,70.8,3171000,2.2(3.07 %)
12/10/2022,71.6,70.5,71.7,70.1,1274000,1.4(1.99 %)
11/10/2022,70.2,70.5,71.5,69.6,1718400,-0.3(-0.43 %)
10/10/2022,70.5,68.5,71.5,67.4,1661900,0.7(1.00 %)
07/10/2022,69.8,69.3,71.3,66.5,2685300,-0.2(-0.29 %)
06/10/2022,70,71.3,71.4,70,1503000,-1.6(-2.23 %)
05/10/2022,71.6,71,72,71,1493400,0.7(0.99 %)
04/10/2022,70.9,71.8,71.8,70,1631300,-0.1(-0.14 %)
03/10/2022,71,71.9,72.5,71,2039100,-1.3(-1.80 %)
30/09/2022,72.3,71.9,73.3,71.9,2345100,-0.4(-0.55 %)
29/09/2022,72.7,72.9,73.5,72.2,2033200,0.9(1.25 %)
28/09/2022,71.8,72,73,70.9,2145700,-0.6(-0.83 %)
27/09/2022,72.4,74.5,74.9,72.3,2415500,-1.6(-2.16 %)
26/09/2022,74,75.8,76.2,73.7,3386000,-2.7(-3.52 %)
23/09/2022,76.7,77,77.3,76.5,1398600,-0.2(-0.26 %)
22/09/2022,76.9,76.6,77.1,76,1033500,0(0.00 %)
21/09/2022,76.9,75.7,77.6,75.6,2477500,1.1(1.45 %)
20/09/2022,75.8,75.3,76.2,75.3,1139700,0.6(0.80 %)
19/09/2022,75.2,75.6,75.7,74.9,1418000,-0.8(-1.05 %)
16/09/2022,76,74.7,76,74.4,2308600,1.5(2.01 %)
15/09/2022,74.5,74.1,75.2,74.1,1207500,0.5(0.68 %)
14/09/2022,74,74.9,75,73.8,2037900,-1.7(-2.25 %)
13/09/2022,75.7,75.2,76,75.2,1556500,0.4(0.53 %)
12/09/2022,75.3,76,76.2,75.3,1386100,-0.6(-0.79 %)
09/09/2022,75.9,75.9,76.5,75.5,1188500,0.2(0.26 %)
08/09/2022,75.7,76,76.5,75.2,1351100,0(0.00 %)
07/09/2022,75.7,77.8,77.8,75.7,2916400,-2.1(-2.70 %)
06/09/2022,77.8,77.5,79,77.3,2649000,0.3(0.39 %)
05/09/2022,77.5,75.5,77.8,75.5,3169400,2(2.65 %)
31/08/2022,75.5,75.9,76.4,75.5,1657100,-0.5(-0.66 %)
30/08/2022,76,75.5,76.4,75.5,2234900,0.5(0.66 %)
29/08/2022,75.5,76.1,76.3,75.4,3311500,-1.4(-1.82 %)
26/08/2022,76.9,77.8,78.1,76.2,2463000,-1(-1.28 %)
25/08/2022,77.9,77.9,78.3,77,2182100,0.2(0.26 %)
24/08/2022,77.7,75.8,78.3,75.8,5443600,1.9(2.51 %)
23/08/2022,75.8,73.7,75.9,73.6,4551200,2.1(2.85 %)
22/08/2022,73.7,74.1,74.8,73.7,2071700,-0.4(-0.54 %)
19/08/2022,74.1,73.4,74.5,72.9,5225600,0.7(0.95 %)
18/08/2022,73.4,72.6,73.6,72.6,4230600,0.8(1.10 %)
17/08/2022,72.6,71.8,72.6,71.7,1316400,0.8(1.11 %)
16/08/2022,71.8,71.8,72.4,71.7,1688300,0.3(0.42 %)
15/08/2022,71.5,72,72,71.3,2525800,-0.4(-0.56 %)
12/08/2022,71.9,71,71.9,71,1796100,0.8(1.13 %)
11/08/2022,71.1,72.6,72.6,70.7,3884600,-1.4(-1.93 %)
10/08/2022,72.5,72,72.6,72,1544800,0.5(0.69 %)
09/08/2022,72,72.2,72.4,72,2129800,-0.2(-0.28 %)
08/08/2022,72.2,72.5,72.5,72.1,2795800,-0.4(-0.55 %)
05/08/2022,72.6,73.3,73.4,72.6,2135400,-0.7(-0.95 %)
04/08/2022,73.3,73.4,73.4,72.8,1720600,-0.1(-0.14 %)
03/08/2022,73.4,72.8,73.5,72.5,3134700,0(0.00 %)
02/08/2022,73.4,73.4,74.2,72.7,2600900,-0.1(-0.14 %)
01/08/2022,73.5,72.8,73.5,72.2,2527600,0.7(0.96 %)
29/07/2022,72.8,72.7,73.6,72.4,2582800,0.2(0.28 %)
28/07/2022,72.6,72.5,72.8,72.3,1219400,0.4(0.55 %)
27/07/2022,72.2,72,72.6,71.8,789500,0.2(0.28 %)
26/07/2022,72,72.9,73,71.8,1154000,-0.9(-1.23 %)
25/07/2022,72.9,72,72.9,71.8,1242600,0.9(1.25 %)
22/07/2022,72,73.2,73.2,72,712300,-1.2(-1.64 %)
21/07/2022,73.2,72.5,73.6,72.2,1720500,0.2(0.27 %)
20/07/2022,73,73.2,73.6,72.8,1167800,0.2(0.27 %)
19/07/2022,72.8,72,72.9,71.6,1530100,1.1(1.53 %)
18/07/2022,71.7,72,72.2,71.5,1106700,0.1(0.14 %)
15/07/2022,71.6,72.4,73,71.6,1475000,-0.8(-1.10 %)
14/07/2022,72.4,72.3,73.2,72.2,982300,-0.1(-0.14 %)
13/07/2022,72.5,73.2,73.6,72.4,1423500,-0.8(-1.09 %)
12/07/2022,73.3,73,73.9,72.6,976100,0.3(0.41 %)
11/07/2022,73,72.2,74.7,72,2556900,0(0.00 %)
08/07/2022,73,73,73.3,72.5,1704200,0(0.00 %)
07/07/2022,73,70.7,73,70,3049600,2.3(3.25 %)
06/07/2022,70.7,71,71.5,69.5,2360100,0(0.00 %)
05/07/2022,73.1,75.3,75.4,73,2590800,-2(-2.66 %)
04/07/2022,75.1,74,75.8,73.8,3139300,1.4(1.90 %)
01/07/2022,73.7,72.3,73.9,72,2859000,1.5(2.08 %)
30/06/2022,72.2,72.3,74.8,72.2,3582600,-0.1(-0.14 %)
29/06/2022,72.3,70.6,72.7,70.6,1941000,1.5(2.12 %)
28/06/2022,70.8,70.6,72.7,70.1,3037200,-0.3(-0.42 %)
27/06/2022,71.1,71.8,72.1,70.3,1804300,-0.4(-0.56 %)
24/06/2022,71.5,71,72.9,70.9,1684400,0.8(1.13 %)
23/06/2022,70.7,70.6,72,70,1103100,0.1(0.14 %)
22/06/2022,70.6,73.1,73.4,70.6,2214000,-3.1(-4.21 %)
21/06/2022,73.7,69.2,73.8,68.8,4839300,4.7(6.81 %)
20/06/2022,69,66.4,69.7,66.4,2588200,2.3(3.45 %)
17/06/2022,66.7,66.9,68.6,65.2,2502800,-1.3(-1.91 %)
16/06/2022,68,65.1,68.3,65,2215500,3.5(5.43 %)
15/06/2022,64.5,66.1,66.5,64.5,2680600,-1.6(-2.42 %)
14/06/2022,66.1,65.5,67.5,65.4,1393200,-0.3(-0.45 %)
13/06/2022,66.4,68.4,68.4,66.2,2379700,-3.1(-4.46 %)
10/06/2022,69.5,70,70.2,69.5,1483300,-0.7(-1.00 %)
09/06/2022,70.2,71,71.1,70.2,1045100,-0.8(-1.13 %)
08/06/2022,71,70.7,71.4,70.7,1698600,0.4(0.57 %)
07/06/2022,70.6,70.3,70.7,70,1322200,-0.2(-0.28 %)
06/06/2022,70.8,70.2,71.2,70,1432000,0.5(0.71 %)
03/06/2022,70.3,71,71.3,70,1052800,-0.8(-1.13 %)
02/06/2022,71.1,72,72,70.8,1487800,-0.8(-1.11 %)
01/06/2022,71.9,71.5,72.6,71.3,1229600,0.2(0.28 %)
31/05/2022,71.7,72.1,72.4,71.7,2058700,-0.8(-1.10 %)
30/05/2022,72.5,72.9,72.9,72,2124400,-0.5(-0.68 %)
27/05/2022,73,71.3,73.3,70.7,3456900,1.7(2.38 %)
26/05/2022,71.3,71.9,71.9,70.7,1530800,-0.6(-0.83 %)
25/05/2022,71.9,68.9,72.3,68.9,2362100,3(4.35 %)
24/05/2022,68.9,66.7,68.9,66.5,2033000,2.6(3.92 %)
23/05/2022,66.3,68.5,68.7,66.2,2022200,-1.8(-2.64 %)
20/05/2022,68.1,69,69.9,68,1296200,-0.9(-1.30 %)
19/05/2022,69,69.5,70,69,1449400,-1.3(-1.85 %)
18/05/2022,70.3,70,70.5,69.5,1983200,0.3(0.43 %)
17/05/2022,70,65.6,70,65.2,2105100,4.2(6.38 %)
16/05/2022,65.8,66.6,67.6,65.7,1977800,-0.3(-0.45 %)
13/05/2022,66.1,67,67.8,65.9,4590600,-0.4(-0.60 %)
12/05/2022,66.5,69.8,69.8,66.5,3189100,-3(-4.32 %)
11/05/2022,69.5,70.6,71.1,69.5,1793700,-1.1(-1.56 %)
10/05/2022,70.6,70,71.9,70,3106500,0.6(0.86 %)
09/05/2022,70,70.2,71.5,69.6,2392100,-0.2(-0.28 %)
06/05/2022,70.2,71.4,71.6,69.5,2109800,-1.9(-2.64 %)
05/05/2022,72.1,73.2,73.2,71.5,1548200,-0.4(-0.55 %)
04/05/2022,72.5,74.2,74.4,72.5,1763900,-1.7(-2.29 %)
29/04/2022,74.2,74.4,75,74,1630100,-0.1(-0.13 %)
28/04/2022,74.3,74.9,74.9,73.8,1911000,-0.7(-0.93 %)
27/04/2022,75,75.2,75.8,73.7,1826000,-0.9(-1.19 %)
26/04/2022,75.9,73.5,76,70.9,3883000,2.4(3.27 %)
25/04/2022,73.5,76,76.3,73,2659800,-2.4(-3.16 %)
22/04/2022,75.9,75.7,76.5,75.5,2800400,0.9(1.20 %)
21/04/2022,75,75.3,76.5,75,4615600,-0.6(-0.79 %)
20/04/2022,75.6,76,76.7,75.6,1931100,-0.4(-0.53 %)
19/04/2022,76,77.1,77.7,76,1670200,-1(-1.30 %)
18/04/2022,77,76.5,77.9,76.4,2564300,0.5(0.65 %)
15/04/2022,76.5,76.5,77.6,76,1362400,0.2(0.26 %)
14/04/2022,76.3,77.5,78,76.3,1810200,-0.9(-1.17 %)
13/04/2022,77.2,76.8,78.5,76.7,2118800,0.4(0.52 %)
12/04/2022,76.8,77.3,77.8,76.5,1776300,-0.5(-0.65 %)
08/04/2022,77.3,78.5,79.1,77.3,2738300,-1.2(-1.53 %)
07/04/2022,78.5,79.9,80,78.5,1760300,-0.8(-1.01 %)
06/04/2022,79.3,80,81.2,79.1,4306700,-1.1(-1.37 %)
05/04/2022,80.4,81.8,81.8,80.4,2202100,-1.8(-2.19 %)
04/04/2022,82.2,82,82.5,81.5,3808700,0.5(0.61 %)
01/04/2022,81.7,81,82.7,80.3,6112000,0.8(0.99 %)
31/03/2022,80.9,76.2,81,76,9645800,4.7(6.17 %)
30/03/2022,76.2,75.5,76.6,75.1,3413800,0.7(0.93 %)
29/03/2022,75.5,73.5,75.5,73.5,2139300,2.1(2.86 %)
28/03/2022,73.4,75.3,75.6,73.4,4038700,-1.8(-2.39 %)
25/03/2022,75.2,75.6,75.8,75.1,2699500,-0.4(-0.53 %)
24/03/2022,75.6,76,76.1,75.2,3389800,-0.5(-0.66 %)
23/03/2022,76.1,76.8,77,75.9,3226000,-0.8(-1.04 %)
22/03/2022,76.9,77.9,77.9,76.8,2390200,-0.7(-0.90 %)
21/03/2022,77.6,76,77.9,76,1884100,1.6(2.11 %)
18/03/2022,76,76.6,77,76,4233000,-0.4(-0.52 %)
17/03/2022,76.4,77.6,77.8,76.4,1354400,-0.9(-1.16 %)
16/03/2022,77.3,77.2,78,77,1850400,0.1(0.13 %)
15/03/2022,77.2,77,77.5,76.3,1482600,0(0.00 %)
14/03/2022,77.2,78,78,76.9,1654700,-0.8(-1.03 %)
11/03/2022,78,77.2,78.5,77.1,2322900,0.9(1.17 %)
10/03/2022,77.1,76,77.9,76,2971800,2(2.66 %)
09/03/2022,75.1,76,76.8,75,3003700,-1(-1.31 %)
08/03/2022,76.1,76.3,76.5,76,2383000,-0.7(-0.91 %)
07/03/2022,76.8,77.9,77.9,76.7,3530800,-1.1(-1.41 %)
04/03/2022,77.9,78.4,78.4,77.8,2511600,-0.5(-0.64 %)
03/03/2022,78.4,78.7,79,78.2,1486600,-0.1(-0.13 %)
02/03/2022,78.5,79.2,79.2,78,2037100,-0.7(-0.88 %)
01/03/2022,79.2,78.4,79.4,78.2,1273100,0.8(1.02 %)
28/02/2022,78.4,78.9,79,77.8,2258900,-0.5(-0.63 %)
25/02/2022,78.9,79,79.5,78.9,1347700,0.3(0.38 %)
24/02/2022,78.6,80,80,78.5,2723500,-1.4(-1.75 %)
23/02/2022,80,80,80.5,79.8,2200300,0(0.00 %)
22/02/2022,80,80.9,81,79.7,3204500,-1(-1.23 %)
21/02/2022,81,80.9,81.6,80.9,1280600,0.4(0.50 %)
18/02/2022,80.6,80.1,80.8,80.1,1808100,-0.2(-0.25 %)
17/02/2022,80.8,80.5,81.2,80.4,1787700,0.4(0.50 %)
16/02/2022,80.4,81.2,81.3,80.3,2825100,-0.8(-0.99 %)
15/02/2022,81.2,81.1,81.5,81,1465300,0.1(0.12 %)
14/02/2022,81.1,81.5,82,81,2971800,-0.9(-1.10 %)
11/02/2022,82,82.5,82.6,81.9,1624600,-0.7(-0.85 %)
10/02/2022,82.7,82.8,83.3,82.3,1612500,-0.1(-0.12 %)
09/02/2022,82.8,82,83.7,82,1799300,0.8(0.98 %)
08/02/2022,82,83.4,83.5,82,2708900,-1.5(-1.80 %)
07/02/2022,83.5,83.2,84,82.9,1324200,0.4(0.48 %)
28/01/2022,83.1,83,84.2,82.8,2257400,0(0.00 %)
27/01/2022,83.1,80.1,83.4,80.1,2039000,3.4(4.27 %)
26/01/2022,79.7,79.3,80.5,79.3,1452100,0.5(0.63 %)
25/01/2022,79.2,80.5,81,79.1,3758600,-1.8(-2.22 %)
24/01/2022,81,82.6,82.7,81,2222200,-1.6(-1.94 %)
21/01/2022,82.6,83,83.3,82.5,1576400,-0.4(-0.48 %)
20/01/2022,83.1,83,83.2,82.9,736700,-0.3(-0.36 %)
19/01/2022,82.8,82.9,83.5,82.7,1309600,-0.6(-0.72 %)
18/01/2022,83.4,82.9,83.5,82.6,2100400,0.5(0.60 %)
17/01/2022,82.9,85,85,82.9,2100400,-1.8(-2.13 %)
14/01/2022,84.7,83.1,85.1,82.7,2516600,1.6(1.93 %)
13/01/2022,83.1,83.4,83.7,82.9,1711600,0(0.00 %)
12/01/2022,83.1,83.8,83.8,82.7,2183600,-0.6(-0.72 %)
11/01/2022,83.7,83.6,84,83.5,1829000,0(0.00 %)
10/01/2022,83.7,84.8,85,83.5,2146400,-0.1(-0.12 %)
07/01/2022,85.2,85.3,85.6,85,2553900,-0.2(-0.23 %)
06/01/2022,85.4,86.1,86.1,85.3,2848200,-0.8(-0.93 %)
05/01/2022,86.2,86.8,87,86,3124600,-0.5(-0.58 %)
04/01/2022,86.7,87.2,87.4,86.7,1885600,0.3(0.35 %)
31/12/2021,86.4,85.5,87.5,85.3,2325100,1.1(1.29 %)
30/12/2021,85.3,85.3,85.6,85.1,893100,0.1(0.12 %)
29/12/2021,85.2,85.5,85.6,85.1,945400,-0.3(-0.35 %)
28/12/2021,85.5,86.2,86.2,85.2,1544400,-0.6(-0.70 %)
27/12/2021,86.1,86,86.4,85.7,1138300,0.1(0.12 %)
24/12/2021,86,84.7,86,84.7,1148400,1.3(1.53 %)
23/12/2021,84.7,85.4,85.4,84.5,2147800,-0.7(-0.82 %)
22/12/2021,85.4,85.7,86.2,85.3,1844400,-0.1(-0.12 %)
21/12/2021,85.5,85.8,86,85.5,1192900,-0.2(-0.23 %)
20/12/2021,85.7,86,86.3,85.6,1807000,0(0.00 %)
17/12/2021,85.7,86.6,86.7,85.7,2660200,-0.9(-1.04 %)
16/12/2021,86.6,86.3,86.6,86,1610300,0.3(0.35 %)
15/12/2021,86.3,86.4,86.7,86.3,1214100,0(0.00 %)
14/12/2021,86.3,86.4,86.9,86.2,1671200,-0.1(-0.12 %)
13/12/2021,86.4,86.3,86.8,86,1495700,0.1(0.12 %)
10/12/2021,86.3,86.5,87,85.8,1485000,-0.7(-0.80 %)
09/12/2021,87,85.9,87.1,85.7,1449900,1(1.16 %)
08/12/2021,86,86.3,86.5,85.7,1294500,-0.5(-0.58 %)
07/12/2021,86.5,85.8,86.5,85.4,1530000,1.2(1.41 %)
06/12/2021,85.3,86,86.6,85.3,3168200,-0.5(-0.58 %)
03/12/2021,85.8,87.6,88,85.8,2900400,-1.6(-1.83 %)
02/12/2021,87.4,87.5,88,87.4,1254100,-0.1(-0.11 %)
01/12/2021,87.5,88,88.6,87.4,1894500,-0.1(-0.11 %)
30/11/2021,87.6,87.6,88.8,87.6,3177100,0.1(0.11 %)
29/11/2021,87.5,87.8,87.9,87.2,2835900,-0.8(-0.91 %)
26/11/2021,88.3,87.6,88.8,87.5,3015700,0.8(0.91 %)
25/11/2021,87.5,87.5,88.2,87.2,2175400,0(0.00 %)
24/11/2021,87.5,86.5,87.5,86.5,2124500,1.2(1.39 %)
23/11/2021,86.3,86.5,86.7,86,2198800,0.1(0.12 %)
22/11/2021,86.2,86,86.5,85.9,3497600,0.1(0.12 %)
19/11/2021,86.1,88,88.4,86,5151200,-1.9(-2.16 %)
18/11/2021,88,88.8,88.8,88,3900000,-0.8(-0.90 %)
17/11/2021,88.8,88.6,89.6,88.6,2514400,0.2(0.23 %)
16/11/2021,88.6,89,89.3,88.5,3251700,-0.4(-0.45 %)
15/11/2021,89,89.5,89.6,89,3268000,-0.3(-0.34 %)
12/11/2021,89.3,90,90.1,89.1,2120400,-0.3(-0.33 %)
11/11/2021,89.6,89.8,90.4,89.3,3380600,-0.1(-0.11 %)
10/11/2021,89.7,90,90.1,89.3,2666100,-0.1(-0.11 %)
09/11/2021,89.8,91,91.1,89.7,3695000,-1(-1.10 %)
08/11/2021,90.8,89.7,91.1,89.6,6171800,1.6(1.79 %)
05/11/2021,89.2,88.6,89.4,88.5,2654600,0.8(0.90 %)
04/11/2021,88.4,88.4,88.7,88.1,2513000,0.2(0.23 %)
03/11/2021,88.2,89.1,89.5,88.2,5547900,-1(-1.12 %)
02/11/2021,89.2,90,90,89,4888900,-0.8(-0.89 %)
01/11/2021,90,90.8,91.3,89.8,5083800,-0.7(-0.77 %)
29/10/2021,90.7,90.6,91,90.3,3748500,0.1(0.11 %)
28/10/2021,90.6,90.5,91.5,90.5,4093700,0.2(0.22 %)
27/10/2021,90.4,90,90.6,89.7,3549900,0.8(0.89 %)
26/10/2021,89.6,90,90.2,89.4,1641200,-0.5(-0.55 %)
25/10/2021,90.1,90.5,90.6,89.9,2769500,-0.4(-0.44 %)
22/10/2021,90.5,89.5,90.5,89.2,4487700,1.4(1.57 %)
21/10/2021,89.1,90,90.1,89.1,2936500,-0.9(-1.00 %)
20/10/2021,90,90.4,90.6,89,3480500,-0.3(-0.33 %)
19/10/2021,90.3,89.8,90.5,89.8,5984500,0.5(0.56 %)
18/10/2021,89.8,90,90.1,89.2,2305800,-0.2(-0.22 %)
15/10/2021,90,90,90.7,89.6,3206000,0(0.00 %)
14/10/2021,90,90.2,90.5,89.6,2006400,-0.1(-0.11 %)
13/10/2021,90.1,91,91.3,90,3793100,-0.3(-0.33 %)
12/10/2021,90.4,90.4,91.3,90.1,3616300,0.4(0.44 %)
11/10/2021,90,90,90.4,89.5,2474800,0.4(0.45 %)
08/10/2021,89.6,88.9,90,88.7,2618600,0.8(0.90 %)
07/10/2021,88.8,89.3,89.4,88.8,2981800,-0.5(-0.56 %)
06/10/2021,89.3,89.6,90.1,89.2,2498500,-0.3(-0.33 %)
05/10/2021,89.6,90.3,90.3,89.6,2268000,-0.6(-0.67 %)
04/10/2021,90.2,90.5,91.1,90.1,3060200,0.4(0.45 %)
01/10/2021,89.8,89.3,90.4,89.1,3805400,0.2(0.22 %)
30/09/2021,89.6,89.9,90.7,89.6,2799400,0(0.00 %)
29/09/2021,89.6,89.3,90.1,88.7,2763400,0.3(0.34 %)
28/09/2021,89.3,88.8,89.9,88,3757200,0.5(0.56 %)
27/09/2021,88.8,90.6,91.4,88.8,5053900,-1.9(-2.09 %)
24/09/2021,90.7,91,91.4,90.5,2990000,-0.1(-0.11 %)
23/09/2021,90.8,91.5,92.4,90.4,3941300,-0.7(-0.77 %)
22/09/2021,91.5,88.5,91.7,88.5,10050100,2.7(3.04 %)
21/09/2021,88.8,88,88.9,87.7,3096300,0.1(0.11 %)
20/09/2021,88.7,87.6,89.1,87.3,5447700,2.2(2.54 %)
17/09/2021,86.5,86.4,88.4,86.3,5292600,0.1(0.12 %)
16/09/2021,86.4,86.5,86.5,85.9,1825400,0.3(0.35 %)
15/09/2021,86.1,86.8,86.8,86.1,2425000,-0.9(-1.03 %)
14/09/2021,87,87.2,87.3,86.6,2482900,-0.2(-0.23 %)
13/09/2021,87.2,86.5,87.4,86.3,2956200,0.7(0.81 %)
10/09/2021,86.5,85.2,87,85,3962100,1.3(1.53 %)
09/09/2021,85.2,85.4,85.5,85,2452400,-0.2(-0.23 %)
08/09/2021,85.4,86.3,86.3,85.3,3682200,-0.9(-1.04 %)
07/09/2021,86.3,87.8,87.8,86.3,2622200,-2(-2.27 %)
06/09/2021,88.3,88.3,88.8,88.2,3212200,0.2(0.23 %)
01/09/2021,88.1,87.4,88.8,87.2,3430100,0.7(0.80 %)
31/08/2021,87.4,87.5,87.6,87.1,2957200,0(0.00 %)
30/08/2021,87.4,87.1,87.6,87,4306000,0.4(0.46 %)
27/08/2021,87,87.4,87.5,86.7,2346900,0(0.00 %)
26/08/2021,87,86.9,87.7,86.7,1896000,0.1(0.12 %)
25/08/2021,86.9,86.4,87.1,86,1675500,0.6(0.70 %)
24/08/2021,86.3,86.1,87,85.7,2375700,0.3(0.35 %)
23/08/2021,86,87.7,87.8,86,4356500,-1.8(-2.05 %)
20/08/2021,87.8,90.3,90.3,87,4326800,-2.5(-2.77 %)
19/08/2021,90.3,90.5,90.5,89.8,3061300,0.3(0.33 %)
18/08/2021,90,89.5,90.9,89.4,4710100,0.7(0.78 %)
17/08/2021,89.3,89.6,90.1,89.1,2202200,-0.2(-0.22 %)
16/08/2021,89.5,89.9,90.6,89,3270800,-0.4(-0.44 %)
13/08/2021,89.9,90.4,90.5,89.2,4105500,-0.6(-0.66 %)
12/08/2021,90.5,90.8,91.5,90.3,4287800,-0.4(-0.44 %)
11/08/2021,90.9,89.9,91.4,89.8,5330400,1.5(1.68 %)
10/08/2021,89.4,88,90,88,5833300,1.7(1.94 %)
09/08/2021,87.7,87.2,87.9,87,2731300,0.5(0.57 %)
06/08/2021,87.2,86.9,88.4,86.6,3960600,0.6(0.69 %)
05/08/2021,86.6,86.9,87.1,86.6,2833600,-0.5(-0.57 %)
04/08/2021,87.1,87.5,87.5,87,2873000,0(0.00 %)
03/08/2021,87.1,86.6,87.5,86.6,2714600,0.6(0.69 %)
02/08/2021,86.5,86.2,86.9,86,2574300,0.4(0.46 %)
30/07/2021,86.1,86.8,87.2,85.9,4405200,-0.7(-0.81 %)
29/07/2021,86.8,87,87.7,86,2648300,-0.1(-0.12 %)
28/07/2021,86.9,87.1,87.4,86.6,1665500,-0.6(-0.69 %)
27/07/2021,87.5,88.9,89.5,87.5,2388200,-1.4(-1.57 %)
26/07/2021,88.9,88,89.2,87.9,2791500,1.3(1.48 %)
23/07/2021,87.6,86.8,89.8,86.1,4126700,0.8(0.92 %)
22/07/2021,86.8,85.5,87.1,85.3,2152400,1.5(1.76 %)
21/07/2021,85.3,85.4,85.9,85.2,1696200,-0.6(-0.70 %)
20/07/2021,85.9,85,86,84.3,3207300,0.9(1.06 %)
19/07/2021,85,84.4,85,84,4111700,-0.9(-1.05 %)
16/07/2021,85.9,85.5,86.2,85.3,1449600,0.7(0.82 %)
15/07/2021,85.2,85,86.3,84.5,3284100,0.2(0.24 %)
14/07/2021,85,85,85.7,84.3,4180200,0.7(0.83 %)
13/07/2021,84.3,86.1,86.5,84.2,2883300,-2(-2.32 %)
12/07/2021,86.3,87.5,88,84.3,4833100,-0.7(-0.80 %)
09/07/2021,87,88.3,88.4,86.9,3058100,-1.4(-1.58 %)
08/07/2021,88.4,88.2,89.4,88,1908900,-1.4(-1.56 %)
07/07/2021,89.8,87,89.8,86.6,4738700,2.8(3.22 %)
06/07/2021,87,89.4,89.8,87,4706900,-2.2(-2.47 %)
05/07/2021,89.2,90.1,90.4,88.6,2931000,-0.9(-1.00 %)
02/07/2021,90.1,91,91,90.1,2750900,-0.8(-0.88 %)
01/07/2021,90.9,90.6,91.3,90.4,3811500,0.5(0.55 %)
30/06/2021,90.4,91,91.1,90.2,2115600,-0.6(-0.66 %)
29/06/2021,91,89.8,91.7,89,4368100,1.8(2.02 %)
28/06/2021,89.2,90,90.2,89,1847900,-0.5(-0.56 %)
25/06/2021,89.7,88.7,89.9,88.7,2079300,1(1.13 %)
24/06/2021,88.7,89.9,90.2,88.3,4225000,-1.3(-1.44 %)
23/06/2021,90,90.6,90.8,89.7,3357300,-0.6(-0.66 %)
22/06/2021,90.6,91,91.5,90.6,2242800,0(0.00 %)
21/06/2021,90.6,92,92.1,90.6,4193600,-1.5(-1.63 %)
18/06/2021,92.1,91.4,92.7,91.4,2971800,1.1(1.21 %)
17/06/2021,91,91,92.2,90.8,2388800,-0.8(-0.87 %)
16/06/2021,91.8,92.7,93,91.3,3041200,-1.1(-1.18 %)
15/06/2021,92.9,92.6,93.2,92.1,4534800,0.4(0.43 %)
14/06/2021,92.5,92.5,93.5,91.5,4875100,0.5(0.54 %)
11/06/2021,92,92.2,92.5,91.2,2940400,-0.2(-0.22 %)
10/06/2021,92.2,89.4,93.6,88.6,5619300,3.1(3.48 %)
09/06/2021,89.1,89.8,90.1,88.8,3013500,-0.6(-0.67 %)
08/06/2021,89.7,89.5,91.3,89.4,5477700,0.3(0.34 %)
07/06/2021,89.4,89.5,89.6,88,3736600,-0.1(-0.11 %)
04/06/2021,89.5,90.3,91,89.1,4564400,-0.7(-0.78 %)
03/06/2021,90.2,90,90.8,89.8,3629000,0.8(0.89 %)
02/06/2021,89.4,89.6,89.6,89,3672400,-0.5(-0.56 %)
01/06/2021,89.9,90.5,90.7,89.9,2339900,-0.6(-0.66 %)
31/05/2021,90.5,91.8,92,90.2,3095900,-0.6(-0.66 %)
28/05/2021,91.1,91,91.7,90.4,3122200,0.6(0.66 %)
27/05/2021,90.5,91.4,91.6,90,2924300,-0.5(-0.55 %)
26/05/2021,91,90,91.9,89.3,3773300,0.5(0.55 %)
25/05/2021,90.5,91.2,91.2,90,2791200,-0.7(-0.77 %)
24/05/2021,91.2,90,91.9,89.5,4349800,2(2.24 %)
21/05/2021,89.2,87.9,90.8,87.1,3942800,1.2(1.36 %)
20/05/2021,88,87.9,88.1,87,2800500,0.5(0.57 %)
19/05/2021,87.5,87.8,89,87.1,3526100,0.5(0.57 %)
18/05/2021,87,87.5,88,86.8,2970100,-0.2(-0.23 %)
17/05/2021,87.2,89.5,90,87.2,5001300,-2.3(-2.57 %)
14/05/2021,89.5,91.1,91.2,89.5,4391200,-1(-1.10 %)
13/05/2021,90.5,91,91.7,90.5,3118400,-1.3(-1.42 %)
12/05/2021,91.8,90.1,92.2,90,3199300,0.6(0.66 %)
11/05/2021,91.2,93.5,94.5,91.2,4197000,-1.8(-1.94 %)
10/05/2021,93,87,93,86.1,8176900,6(6.90 %)
07/05/2021,87,89,89.2,86.8,6744500,-2.6(-2.90 %)
06/05/2021,89.6,92,92,89.6,7448600,-2.4(-2.61 %)
05/05/2021,92,91.6,93,91.6,3792300,0.4(0.44 %)
04/05/2021,91.6,93,93,91.5,4112800,-1.9(-2.03 %)
29/04/2021,93.5,93.7,94.2,91.5,6499700,-0.2(-0.21 %)
28/04/2021,93.7,95.7,95.8,93.5,5027100,-2(-2.09 %)
27/04/2021,95.7,96,96.5,95,3149400,-0.3(-0.31 %)
26/04/2021,96,97,99,96,5045600,-3.5(-3.52 %)
23/04/2021,99.5,98,99.9,96.8,3556800,1.5(1.53 %)
22/04/2021,98,99.3,99.5,97,3166300,-1.3(-1.31 %)
20/04/2021,99.3,97,101,96.9,6987200,3.2(3.33 %)
19/04/2021,96.1,96.9,97.5,95.1,5722900,-0.8(-0.83 %)
16/04/2021,96.9,98.6,98.7,96.4,4876400,-2.2(-2.22 %)
15/04/2021,99.1,99.6,100.5,98.9,3549400,-0.2(-0.20 %)
14/04/2021,99.3,100,100,98.9,3498500,-0.7(-0.70 %)
13/04/2021,100,100.8,101.7,99.7,3799100,0(0.00 %)
12/04/2021,100,100,100.3,99.5,3632400,0.2(0.20 %)
09/04/2021,99.8,99.9,100,99.2,2716700,-0.1(-0.10 %)
08/04/2021,99.9,100.4,100.5,99.4,3603800,-0.2(-0.20 %)
07/04/2021,100.1,101,101,100,3503700,-1.4(-1.38 %)
06/04/2021,101.5,102.6,102.7,100.8,3452600,-1.1(-1.07 %)
05/04/2021,102.6,104.5,104.5,102.2,2822700,-0.1(-0.10 %)
02/04/2021,102.7,102.5,104,102.1,3840000,1.7(1.68 %)
01/04/2021,101,98.5,101,98,5594000,2.6(2.64 %)
31/03/2021,98.4,99.1,99.1,98,2815600,-0.8(-0.81 %)
30/03/2021,99.2,99.6,100.1,98.6,2590400,0.2(0.20 %)
29/03/2021,99,98.1,99.9,97.8,2790300,1.6(1.64 %)
26/03/2021,97.4,98,98.5,96.6,3653700,-1.1(-1.12 %)
25/03/2021,98.5,99,99.7,98.3,3152700,-0.2(-0.20 %)
24/03/2021,98.7,99.6,100,98.5,3192200,-1.5(-1.50 %)
23/03/2021,100.2,100.6,100.7,99.7,4554300,-0.6(-0.60 %)
22/03/2021,100.8,101.7,101.8,100.6,3416300,-0.9(-0.88 %)
19/03/2021,101.7,102.2,102.2,101.4,2339400,-0.8(-0.78 %)
18/03/2021,102.5,101,102.5,101,2553400,2(1.99 %)
17/03/2021,100.5,101,101,100.1,3568400,-0.5(-0.50 %)
16/03/2021,101,102.2,102.3,100.1,4121100,-1.2(-1.17 %)
15/03/2021,102.2,102.8,103,102.1,2379400,0(0.00 %)
12/03/2021,102.2,103,103.3,101.7,2704600,-0.6(-0.58 %)
11/03/2021,102.8,102.5,103.8,102.1,2417000,1.7(1.68 %)
10/03/2021,101.1,100.5,102.5,99.8,3391300,0.6(0.60 %)
09/03/2021,100.5,101.1,101.5,100.2,4141900,-1.7(-1.66 %)
08/03/2021,102.2,103.4,103.6,101.7,3208200,-0.8(-0.78 %)
05/03/2021,103,103.1,103.1,101.7,4187600,-0.4(-0.39 %)
04/03/2021,103.4,105.2,105.5,103,2755100,-1.1(-1.05 %)
03/03/2021,104.5,104.8,104.9,104,2551300,-0.4(-0.38 %)
02/03/2021,104.9,106.2,106.5,104,3050100,-0.7(-0.66 %)
01/03/2021,105.6,105.5,105.9,105,2179000,0.8(0.76 %)
26/02/2021,104.8,103.6,104.9,103.4,3357800,0.2(0.19 %)
25/02/2021,104.6,105.9,106.3,104.2,4282900,-1.2(-1.13 %)
24/02/2021,105.8,107,107.9,105.5,2801000,-1.2(-1.12 %)
23/02/2021,107,107.5,108,106.2,3048400,-0.5(-0.47 %)
22/02/2021,107.5,107.4,107.8,107.3,3006200,-0.5(-0.46 %)
19/02/2021,108,107.8,108.3,107.1,2696500,-1(-0.92 %)
18/02/2021,109,108.7,109,107.5,2847400,0.3(0.28 %)
17/02/2021,108.7,108,108.9,107.3,2872300,0.7(0.65 %)
09/02/2021,108,108,108.9,104.9,1931700,2.7(2.56 %)
08/02/2021,105.3,105.3,109.6,103.8,4331600,-4.3(-3.92 %)
05/02/2021,109.6,108.6,110,108.6,2231200,0.8(0.74 %)
04/02/2021,108.8,109.7,109.7,107,1896800,-0.9(-0.82 %)
03/02/2021,109.7,106.4,109.7,106.4,3056500,3.3(3.10 %)
02/02/2021,106.4,102.3,107,102.3,3350900,3.7(3.60 %)
01/02/2021,102.7,103,105.2,102,2934800,-0.1(-0.10 %)
29/01/2021,102.8,96,102.8,96,4140500,6.7(6.97 %)
28/01/2021,96.1,100,101.9,96.1,4565600,-7.2(-6.97 %)
27/01/2021,103.3,106,106.8,102.5,3153800,-3.4(-3.19 %)
26/01/2021,106.7,108.1,108.5,105,2596900,-1.5(-1.39 %)
25/01/2021,108.2,108.9,109.7,108,2554800,-0.5(-0.46 %)
22/01/2021,108.7,110.2,110.8,108.7,2429000,-1.6(-1.45 %)
21/01/2021,110.3,109.9,110.7,108.8,2531200,1.3(1.19 %)
20/01/2021,109,108.8,109.5,106,3363700,1.3(1.21 %)
19/01/2021,107.7,113.3,113.3,107,3668300,-5.6(-4.94 %)
18/01/2021,113.3,114.2,115.1,113.3,2624000,-0.6(-0.53 %)
15/01/2021,113.9,113.5,115.3,113.1,2125700,0.8(0.71 %)
14/01/2021,113.1,114.4,114.4,112.6,3680400,-1.4(-1.22 %)
13/01/2021,114.5,116.3,117.2,114.2,2521600,-1.8(-1.55 %)
12/01/2021,116.3,116.5,116.7,115.4,2344900,0.4(0.35 %)
11/01/2021,115.9,112.5,116,112.5,4603900,3.9(3.48 %)
08/01/2021,112,111.5,112.9,110.9,3323000,1.6(1.45 %)
07/01/2021,110.4,110,110.8,109.8,2453000,0.6(0.55 %)
06/01/2021,109.8,111,111.3,109.8,2823100,-1(-0.90 %)
05/01/2021,110.8,108.9,112,108.4,4013900,1.5(1.37 %)
04/01/2021,109.3,109.7,109.8,109,2299600,0.5(0.46 %)
31/12/2020,108.8,109,109.9,108.8,993810,0(0.00 %)
30/12/2020,108.8,108.8,110.2,108.6,1856600,-0.4(-0.37 %)
29/12/2020,109.2,109,109.4,108.6,1299700,0.5(0.46 %)
28/12/2020,108.7,109.1,109.7,108.3,2305300,-0.3(-0.28 %)
25/12/2020,109,108.8,109.1,108.1,1755510,0.3(0.28 %)
24/12/2020,108.7,110.2,110.5,108,2511360,-1.5(-1.36 %)
23/12/2020,110.2,109.9,111.4,109.9,2432590,0.3(0.27 %)
22/12/2020,109.9,110.9,110.9,109.8,2266760,-1.1(-0.99 %)
21/12/2020,111,110.4,111.4,110.2,2341080,0.6(0.54 %)
18/12/2020,110.4,110.5,111,110,3342900,0(0.00 %)
17/12/2020,110.4,111,111,110.3,2951870,-1.2(-1.08 %)
16/12/2020,111.6,111.2,112.3,110.7,2106480,0.4(0.36 %)
15/12/2020,111.2,113,113.3,110.8,4572910,-2.2(-1.94 %)
14/12/2020,113.4,112.8,113.4,112.4,2535300,0.8(0.71 %)
11/12/2020,112.6,112,112.8,111.8,2297940,0.6(0.54 %)
10/12/2020,112,110.3,113.9,110.3,6077770,2.3(2.10 %)
09/12/2020,109.7,110,110.1,109.3,1701940,0.5(0.46 %)
08/12/2020,109.2,110.1,110.3,109,1468350,-0.8(-0.73 %)
07/12/2020,110,110,110.9,108.8,1970400,1(0.92 %)
04/12/2020,109,109.5,109.7,108.8,1571130,-0.5(-0.46 %)
03/12/2020,109.5,109,109.9,108.8,1108730,0.5(0.46 %)
02/12/2020,109,109.6,109.8,108.7,1332460,-0.7(-0.64 %)
01/12/2020,109.7,107.3,109.8,107.2,2493230,1.5(1.39 %)
30/11/2020,108.2,109.8,110,108,2687040,-1.6(-1.46 %)
27/11/2020,109.8,109.9,109.9,108.7,2823860,-0.1(-0.09 %)
26/11/2020,109.9,110.9,110.9,109.3,1490270,-0.6(-0.54 %)
25/11/2020,110.5,110.5,111,109.1,2190900,0.9(0.82 %)
24/11/2020,109.6,110.6,110.9,109,1937130,-1(-0.90 %)
23/11/2020,110.6,111,111.3,109.8,2104330,-0.3(-0.27 %)
20/11/2020,110.9,109.9,111.5,109.1,2801420,1.2(1.09 %)
19/11/2020,109.7,109.4,109.7,109,3140680,0.3(0.27 %)
18/11/2020,109.4,108,109.5,107.8,3396750,1.8(1.67 %)
17/11/2020,107.6,107.2,107.7,107,1648330,0.5(0.47 %)
16/11/2020,107.1,107.5,108.7,107,2571160,-0.3(-0.28 %)
13/11/2020,107.4,107,107.4,107,1089500,0.4(0.37 %)
12/11/2020,107,107.5,107.5,106.7,1074590,-0.5(-0.47 %)
11/11/2020,107.5,107.9,107.9,106,2429710,0(0.00 %)
10/11/2020,107.5,109.1,109.2,107.5,2297200,-1.3(-1.19 %)
09/11/2020,108.8,109,109.4,108.5,1066640,0(0.00 %)
06/11/2020,108.8,109.2,109.4,108,1011020,0(0.00 %)
05/11/2020,108.8,108,109.4,108,1891270,0.8(0.74 %)
04/11/2020,108,108,109.4,107.4,1342780,0.3(0.28 %)
03/11/2020,107.7,107.6,108,107,870230,0.1(0.09 %)
02/11/2020,107.6,107,108,107,867340,-0.4(-0.37 %)
30/10/2020,108,107,108,105.3,2683620,1.1(1.03 %)
29/10/2020,106.9,106.5,107.2,105.6,1723240,-0.5(-0.47 %)
28/10/2020,107.4,109,109,106.5,2609180,-2.2(-2.01 %)
27/10/2020,109.6,110,111,109.1,1721090,-0.9(-0.81 %)
26/10/2020,110.5,111,112.5,110,2313520,0.5(0.45 %)
23/10/2020,110,107.5,110,107.1,2946790,3.3(3.09 %)
22/10/2020,106.7,106.8,106.8,105.1,2422540,0.3(0.28 %)
21/10/2020,106.4,106.5,106.9,106,805550,0.2(0.19 %)
20/10/2020,106.2,107.3,107.6,106,2150990,-1.5(-1.39 %)
19/10/2020,107.7,107.4,108.3,107.4,1617740,0.3(0.28 %)
16/10/2020,107.4,107.5,108,106.9,1637740,-0.1(-0.09 %)
15/10/2020,107.5,107.8,107.9,107,1854560,0.1(0.09 %)
14/10/2020,107.4,107.1,107.7,106.8,1299160,0.3(0.28 %)
13/10/2020,107.1,107,108,106.9,858550,0.1(0.09 %)
12/10/2020,107,106.8,107.8,106.6,1209250,0.3(0.28 %)
09/10/2020,106.7,107,107.1,106.6,980970,-0.2(-0.19 %)
08/10/2020,106.9,107.9,107.9,106.8,1325810,-1.1(-1.02 %)
07/10/2020,108,106.8,108,106.5,2153700,1(0.93 %)
06/10/2020,107,107.3,108,106.5,2044710,-0.3(-0.28 %)
05/10/2020,107.3,108,109,107,1427600,-0.7(-0.65 %)
02/10/2020,108,109.5,110.1,106.7,2864220,-1.3(-1.19 %)
01/10/2020,109.3,109,109.4,107.9,1702500,0.4(0.37 %)
30/09/2020,108.9,110,111.4,108.5,1432380,-0.3(-0.27 %)
29/09/2020,109.2,110,112.6,108,5191680,-19.1(-14.89 %)
28/09/2020,128.3,128,128.6,127.3,2169790,0.6(0.47 %)
25/09/2020,127.7,127.8,128,127.5,1011140,0.4(0.31 %)
24/09/2020,127.3,128.2,128.9,127.3,1506610,-1.9(-1.47 %)
23/09/2020,129.2,129.9,130.2,129.1,1042800,-0.4(-0.31 %)
22/09/2020,129.6,130.1,130.2,128.5,1244610,-0.5(-0.38 %)
21/09/2020,130.1,126.4,130.2,126.4,2614310,3.7(2.93 %)
18/09/2020,126.4,124.6,126.4,124.2,1224030,1.9(1.53 %)
17/09/2020,124.5,124,125.8,124,1376570,0.3(0.24 %)
16/09/2020,124.2,125,125,123.9,724510,-0.6(-0.48 %)
15/09/2020,124.8,124.2,124.9,124,882030,0.6(0.48 %)
14/09/2020,124.2,124.4,125,124,1194170,0.4(0.32 %)
11/09/2020,123.8,124.2,124.7,123.5,956670,-0.9(-0.72 %)
10/09/2020,124.7,125,125.4,124.4,848330,0.9(0.73 %)
09/09/2020,123.8,122.5,123.9,121.5,1621920,-0.4(-0.32 %)
08/09/2020,124.2,125.9,127.4,123.9,1809570,-1.8(-1.43 %)
07/09/2020,126,125,128.4,124.9,2178380,1(0.80 %)
04/09/2020,125,123.7,125,123.1,1711980,0.3(0.24 %)
03/09/2020,124.7,123.5,124.8,123.5,2016680,1.5(1.22 %)
01/09/2020,123.2,121,123.2,120.2,1448060,2.2(1.82 %)
31/08/2020,121,120.3,121,119.5,1634090,1.7(1.42 %)
28/08/2020,119.3,117.8,120,117.2,1341270,2.1(1.79 %)
27/08/2020,117.2,117.5,117.9,117,799570,0.1(0.09 %)
26/08/2020,117.1,118,118.2,116.9,1922780,-0.2(-0.17 %)
25/08/2020,117.3,117,117.9,116.8,1693030,0.8(0.69 %)
24/08/2020,116.5,116.5,117.6,116,1526860,0.9(0.78 %)
21/08/2020,115.6,115.5,116,115.1,884990,0.4(0.35 %)
20/08/2020,115.2,115.3,115.8,114.6,1254280,-0.1(-0.09 %)
19/08/2020,115.3,116,116,114.9,981840,-0.3(-0.26 %)
18/08/2020,115.6,117,117.4,115.6,604570,-1.4(-1.20 %)
17/08/2020,117,117,117.9,115.3,906890,0.3(0.26 %)
14/08/2020,116.7,116.6,118,116.2,1623690,0.3(0.26 %)
13/08/2020,116.4,116,116.6,115.9,1238980,0.8(0.69 %)
12/08/2020,115.6,114.5,115.9,114.5,1451960,1.1(0.96 %)
11/08/2020,114.5,114.9,115,114,852250,0(0.00 %)
10/08/2020,114.5,116,116.5,114.5,1412680,-1(-0.87 %)
07/08/2020,115.5,115,116,114.8,1148200,0.7(0.61 %)
06/08/2020,114.8,112.2,116,112.1,1360570,2.7(2.41 %)
05/08/2020,112.1,111.5,113.6,110,888080,0.8(0.72 %)
04/08/2020,111.3,111,111.3,109.9,765170,2.1(1.92 %)
03/08/2020,109.2,108,110,107.7,860190,2.2(2.06 %)
31/07/2020,107,107,109.2,106.5,839830,-2(-1.83 %)
30/07/2020,109,108,109.5,106.8,1028620,3(2.83 %)
29/07/2020,106,108.5,108.9,105.5,1497450,-3.9(-3.55 %)
28/07/2020,109.9,104,109.9,104,1390810,6.5(6.29 %)
27/07/2020,103.4,107.1,107.6,103.4,2553780,-7.7(-6.93 %)
24/07/2020,111.1,114.2,114.2,109,2313270,-3.1(-2.71 %)
23/07/2020,114.2,114.2,114.6,113.5,766500,0.1(0.09 %)
22/07/2020,114.1,115.4,116,114.1,1051320,-1.9(-1.64 %)
21/07/2020,116,115.7,116.3,114.6,1618780,0.3(0.26 %)
20/07/2020,115.7,115.7,116.7,115.5,474700,-1.1(-0.94 %)
17/07/2020,116.8,116.7,117.4,116.5,583510,-0.7(-0.60 %)
16/07/2020,117.5,116.7,117.5,116.2,1112460,1.5(1.29 %)
15/07/2020,116,116,117,116,1015000,0.8(0.69 %)
14/07/2020,115.2,114.2,115.2,113.9,731170,0.4(0.35 %)
13/07/2020,114.8,115.3,115.8,114.3,943850,-0.5(-0.43 %)
10/07/2020,115.3,116,116.4,115.3,677180,-0.6(-0.52 %)
09/07/2020,115.9,115.5,116.7,115.5,1560410,0.4(0.35 %)
08/07/2020,115.5,116,116,115.5,551310,-0.5(-0.43 %)
07/07/2020,116,116.5,117.1,116,1024960,-0.5(-0.43 %)
06/07/2020,116.5,114.5,116.6,114.3,1319980,2.4(2.10 %)
03/07/2020,114.1,113,114.2,112.8,729290,1.1(0.97 %)
02/07/2020,113,114.8,114.9,113,720480,-1.7(-1.48 %)
01/07/2020,114.7,112.7,115,112,450020,2(1.77 %)
30/06/2020,112.7,113,113.5,111.9,797960,0.8(0.71 %)
29/06/2020,111.9,114,114.3,110.1,1519040,-4(-3.45 %)
26/06/2020,115.9,116.6,117.1,115.4,495750,-0.5(-0.43 %)
25/06/2020,116.4,116.5,116.5,115.3,572770,-0.7(-0.60 %)
24/06/2020,117.1,116.4,118.4,116.4,750960,1.1(0.95 %)
23/06/2020,116,116,116.4,115.6,1063470,0.6(0.52 %)
22/06/2020,115.4,115,115.9,114.8,867620,0.4(0.35 %)
19/06/2020,115,115.2,116.5,115,1251600,-0.2(-0.17 %)
18/06/2020,115.2,115.6,116.6,114.1,523160,-0.4(-0.35 %)
17/06/2020,115.6,117,117.2,115.4,513570,-1.4(-1.20 %)
16/06/2020,117,114.6,117.5,114,844740,5(4.46 %)
15/06/2020,112,120,120.9,112,2058870,-6(-5.08 %)
12/06/2020,118,118,119.8,114.6,2394330,-4.3(-3.52 %)
11/06/2020,122.3,123,125,121,1098260,-0.7(-0.57 %)
10/06/2020,123,126,126,122.8,1242180,-2(-1.60 %)
09/06/2020,125,123.1,126,123.1,1704320,2.2(1.79 %)
08/06/2020,122.8,119.2,123.4,119.1,1419750,3.6(3.02 %)
05/06/2020,119.2,117.8,119.2,116.7,1076470,1.4(1.19 %)
04/06/2020,117.8,117,117.9,117,735420,1.2(1.03 %)
03/06/2020,116.6,116.2,118.1,115.6,1322080,0.6(0.52 %)
02/06/2020,116,116.1,117,115.7,891910,-0.1(-0.09 %)
01/06/2020,116.1,115.1,117,115.1,1047020,1.1(0.96 %)
29/05/2020,115,113.5,115.2,113.5,1203680,0.2(0.17 %)
28/05/2020,114.8,115,116,114.8,1004500,-0.2(-0.17 %)
27/05/2020,115,117.7,117.8,115,1108350,-2.6(-2.21 %)
26/05/2020,117.6,118,118,115.2,983170,0(0.00 %)
25/05/2020,117.6,114.5,117.6,114.1,1581860,3.2(2.80 %)
22/05/2020,114.4,114.4,114.8,113.5,1083060,-0.6(-0.52 %)
21/05/2020,115,114,115,113.5,1582090,1(0.88 %)
20/05/2020,114,112.5,114.4,112.5,1199680,1.4(1.24 %)
19/05/2020,112.6,113.8,114.4,112.3,1432400,1.5(1.35 %)
18/05/2020,111.1,110.8,111.8,109,898370,0.3(0.27 %)
15/05/2020,110.8,113,113.5,109.4,2320230,-2.2(-1.95 %)
14/05/2020,113,112.6,113.9,112.5,1397750,-0.7(-0.62 %)
13/05/2020,113.7,113.2,115,110,2507730,-0.2(-0.18 %)
12/05/2020,113.9,108.5,114.4,107.4,2944650,5.4(4.98 %)
11/05/2020,108.5,108.5,108.5,104.7,1792200,3.5(3.33 %)
08/05/2020,105,104.5,107.6,104,3184170,1.6(1.55 %)
07/05/2020,103.4,101.6,103.8,101.5,1583260,1.9(1.87 %)
06/05/2020,101.5,100.7,101.5,99.7,1105020,1(1.00 %)
05/05/2020,100.5,98.8,100.9,98,1163800,2.9(2.97 %)
04/05/2020,97.6,97,99,97,1235970,-1.4(-1.41 %)
29/04/2020,99,99,99.9,99,1769090,-1.5(-1.49 %)
28/04/2020,100.5,102.8,103,99.7,1401520,-2.3(-2.24 %)
27/04/2020,102.8,106.5,106.5,102.8,1950560,0(0.00 %)
24/04/2020,102.8,99.3,102.8,97.5,3624460,6.7(6.97 %)
23/04/2020,96.1,98.6,98.6,95.9,1443180,-1.4(-1.44 %)
22/04/2020,97.5,96.1,97.6,95.8,1085950,0.7(0.72 %)
21/04/2020,96.8,100,100,95.8,2129360,-3.2(-3.20 %)
20/04/2020,100,100,101.2,100,1471680,0.7(0.70 %)
17/04/2020,99.3,100,100.1,99,1767310,0(0.00 %)
16/04/2020,99.3,99.3,99.5,98.9,1155660,0.1(0.10 %)
15/04/2020,99.2,99.7,99.7,99.2,886130,0.2(0.20 %)
14/04/2020,99,99.5,99.7,98.7,1059560,-0.1(-0.10 %)
13/04/2020,99.1,99.6,99.8,98.3,1127670,-0.5(-0.50 %)
10/04/2020,99.6,100,100,98.1,1111470,-0.5(-0.50 %)
09/04/2020,100.1,99.9,100.9,99.2,1220550,1.1(1.11 %)
08/04/2020,99,98,99,96.5,904920,0.5(0.51 %)
07/04/2020,98.5,96.5,99,95.8,2273090,2.3(2.39 %)
06/04/2020,96.2,96.5,96.6,95,1840550,1.2(1.26 %)
03/04/2020,95,94.5,95.5,94,1934430,1(1.06 %)
01/04/2020,94,91,94,91,1155730,3(3.30 %)
31/03/2020,91,92.5,93.4,90,1293290,-0.2(-0.22 %)
30/03/2020,91.2,90,92.5,89,1559900,-2.9(-3.08 %)
27/03/2020,94.1,93,95.3,92,2755950,0.1(0.11 %)
26/03/2020,94,92.3,95,88.8,2556450,2(2.17 %)
25/03/2020,92,90.6,92.1,90.1,2993020,5.9(6.85 %)
24/03/2020,86.1,83.7,88.3,83.7,1739530,2.4(2.87 %)
23/03/2020,83.7,89.1,89.1,83.7,2187710,-6.3(-7.00 %)
20/03/2020,90,89,91.3,89,2316660,1(1.12 %)
19/03/2020,89,93,94,89,2774560,-6(-6.32 %)
18/03/2020,95,96.2,97.8,95,1322150,-1(-1.04 %)
17/03/2020,96,96,96.4,95,1788240,-1(-1.03 %)
16/03/2020,97,99.1,99.2,96.5,1087080,-2.1(-2.12 %)
13/03/2020,99.1,95.2,100.6,95.2,2159130,-1.8(-1.78 %)
12/03/2020,100.9,97.2,101.5,97,2431600,-0.7(-0.69 %)
11/03/2020,101.6,102,105,99.2,2292410,-0.1(-0.10 %)
10/03/2020,101.7,96,101.8,96,1761300,4.7(4.85 %)
09/03/2020,97,100,102.5,97,2356790,-7.2(-6.91 %)
06/03/2020,104.2,104.5,104.8,103.6,664920,-0.3(-0.29 %)
05/03/2020,104.5,105,105.9,104.5,438020,-0.3(-0.29 %)
04/03/2020,104.8,105.3,106,104.5,612800,-0.5(-0.47 %)
03/03/2020,105.3,105.5,106.2,104.6,741380,0.8(0.77 %)
02/03/2020,104.5,104.5,105.5,103.8,909240,0(0.00 %)
28/02/2020,104.5,105.3,106.1,103,1437350,-2.9(-2.70 %)
27/02/2020,107.4,105,107.4,103.8,863890,2.4(2.29 %)
26/02/2020,105,106.7,106.7,105,1346630,-3(-2.78 %)
25/02/2020,108,106.3,108.5,106,1200220,1.6(1.50 %)
24/02/2020,106.4,107,107.8,106,954600,-2.1(-1.94 %)
21/02/2020,108.5,107.5,109.4,107.5,1484500,2.1(1.97 %)
20/02/2020,106.4,107,107.5,106.3,624620,0(0.00 %)
19/02/2020,106.4,105,106.7,105,794470,0.9(0.85 %)
18/02/2020,105.5,107.8,107.8,105.3,1078500,-2(-1.86 %)
17/02/2020,107.5,106.8,107.6,106.8,623350,0.9(0.84 %)
14/02/2020,106.6,107.2,107.4,106.6,708080,-0.3(-0.28 %)
13/02/2020,106.9,107.2,107.5,106.6,713560,-0.3(-0.28 %)
12/02/2020,107.2,108,108,107.2,838170,0(0.00 %)
11/02/2020,107.2,109,109,107,885960,-1.8(-1.65 %)
10/02/2020,109,109,109.4,107.3,910510,-1.2(-1.09 %)
07/02/2020,110.2,107.7,110.5,107.6,1523380,2.7(2.51 %)
06/02/2020,107.5,107.5,108.6,105.9,2137020,0.9(0.84 %)
05/02/2020,106.6,106.4,107.7,103.3,1545750,1.6(1.52 %)
04/02/2020,105,109.9,110,104.1,1869040,-3.3(-3.05 %)
03/02/2020,108.3,108.3,110.5,101,2289150,-0.2(-0.18 %)
31/01/2020,108.5,116.4,116.6,108.5,1915820,-8.1(-6.95 %)
30/01/2020,116.6,119,119.8,116.2,1533720,-4.7(-3.87 %)
22/01/2020,121.3,121,121.9,121,794440,0.3(0.25 %)
21/01/2020,121,119,121.9,118.6,853940,2(1.68 %)
20/01/2020,119,119,119.2,118.4,493600,0.4(0.34 %)
17/01/2020,118.6,118.2,118.6,117.8,375030,0.4(0.34 %)
16/01/2020,118.2,117.8,118.5,117.2,545090,0.4(0.34 %)
15/01/2020,117.8,117.8,117.9,117.2,681740,0(0.00 %)
14/01/2020,117.8,117.4,118.1,117.1,335180,0.4(0.34 %)
13/01/2020,117.4,119,119,117.4,412880,-1.5(-1.26 %)
10/01/2020,118.9,118.6,119.2,118.4,596280,0.3(0.25 %)
09/01/2020,118.6,119,119.5,118.4,624130,-0.2(-0.17 %)
08/01/2020,118.8,118.5,118.8,117.5,837710,0.3(0.25 %)
07/01/2020,118.5,117.5,118.8,117.5,459520,1.1(0.94 %)
06/01/2020,117.4,118,118.2,116.8,495910,-0.9(-0.76 %)
03/01/2020,118.3,118.2,119,118.2,625390,0.4(0.34 %)
02/01/2020,117.9,117,118.2,116.5,352700,1.4(1.20 %)
31/12/2019,116.5,119,119,116.4,387640,0(0.00 %)
30/12/2019,116.5,117.8,118,116.5,672140,-1.7(-1.44 %)
27/12/2019,118.2,117,118.5,116,383460,1.2(1.03 %)
26/12/2019,117,117.8,118,117,345150,-1(-0.85 %)
25/12/2019,118,119.5,119.5,117.7,541190,-0.6(-0.51 %)
24/12/2019,118.6,118,118.8,118,577000,0.6(0.51 %)
23/12/2019,118,120,120,118,786100,-2(-1.67 %)
20/12/2019,120,120,120.3,119.5,1822570,0.3(0.25 %)
19/12/2019,119.7,118.6,120,118.6,1582510,1.1(0.93 %)
18/12/2019,118.6,117.4,119,117.3,1400340,1.5(1.28 %)
17/12/2019,117.1,118.8,118.8,117.1,829630,-1.6(-1.35 %)
16/12/2019,118.7,118.5,118.8,117.7,751280,0.7(0.59 %)
13/12/2019,118,119.3,119.9,118,564680,-1.2(-1.01 %)
12/12/2019,119.2,119,119.5,118.9,701380,0.6(0.51 %)
11/12/2019,118.6,117.7,118.6,117.3,793940,0.4(0.34 %)
10/12/2019,118.2,118.1,118.7,117.5,850090,0.1(0.08 %)
09/12/2019,118.1,116.3,118.2,116.3,766050,1.8(1.55 %)
06/12/2019,116.3,117.9,117.9,116.3,937120,-1.5(-1.27 %)
05/12/2019,117.8,119.7,119.7,117.8,694150,-1(-0.84 %)
04/12/2019,118.8,116.4,118.8,116.4,693700,2.4(2.06 %)
03/12/2019,116.4,117.8,117.8,116.1,1422610,-1.9(-1.61 %)
02/12/2019,118.3,121.5,121.5,118.3,1489150,-3.2(-2.63 %)
29/11/2019,121.5,122,122.4,121.2,549840,-0.6(-0.49 %)
28/11/2019,122.1,122.1,122.3,120.4,1107720,0(0.00 %)
27/11/2019,122.1,123.7,123.7,122.1,366920,-0.9(-0.73 %)
26/11/2019,123,122.9,124,122.7,971390,0.1(0.08 %)
25/11/2019,122.9,122.2,123.3,120.6,680740,1.4(1.15 %)
22/11/2019,121.5,121.5,123.2,121.3,719680,-0.5(-0.41 %)
21/11/2019,122,123.5,123.8,121.7,1395000,-2(-1.61 %)
20/11/2019,124,124.5,124.8,123.3,1150700,-0.4(-0.32 %)
19/11/2019,124.4,120.4,124.4,120.4,1078610,3.6(2.98 %)
18/11/2019,120.8,123,123.4,120.4,1671470,-2.2(-1.79 %)
15/11/2019,123,126,126,120,2384360,-2.9(-2.30 %)
14/11/2019,125.9,126,126.4,125.6,695470,0.4(0.32 %)
13/11/2019,125.5,127.5,127.5,125.4,1956940,-2(-1.57 %)
12/11/2019,127.5,129.3,129.3,127.3,1934480,-1.8(-1.39 %)
11/11/2019,129.3,129.2,130.2,129,645500,0.1(0.08 %)
08/11/2019,129.2,129.1,130.3,128.9,1193130,0.1(0.08 %)
07/11/2019,129.1,129.5,129.8,128.7,866170,-1(-0.77 %)
06/11/2019,130.1,129,130.5,128.5,1184100,0.9(0.70 %)
05/11/2019,129.2,131.3,131.3,129.2,1876790,-2.1(-1.60 %)
04/11/2019,131.3,133,133,130.6,1407970,-1.1(-0.83 %)
01/11/2019,132.4,130.2,133,130.2,969370,2.4(1.85 %)
31/10/2019,130,132,132,128.8,2550480,-2(-1.52 %)
30/10/2019,132,134.4,134.8,131,1301690,-2.1(-1.57 %)
29/10/2019,134.1,133.7,134.9,133.6,520280,0.3(0.22 %)
28/10/2019,133.8,134.5,135.4,133.6,558360,-0.7(-0.52 %)
25/10/2019,134.5,132.6,134.5,132.5,816560,1.9(1.43 %)
24/10/2019,132.6,132.2,133.4,132.2,520890,0.3(0.23 %)
23/10/2019,132.3,132.5,132.7,131.2,847820,-0.2(-0.15 %)
22/10/2019,132.5,134,134.4,132.3,1398920,-1.1(-0.82 %)
21/10/2019,133.6,132.5,135.5,131.9,2006630,1.1(0.83 %)
18/10/2019,132.5,131.5,133,131.5,1116920,1.5(1.15 %)
17/10/2019,131,130.4,132.4,130.2,1409580,0.6(0.46 %)
16/10/2019,130.4,130.4,130.9,128.3,1321580,2.1(1.64 %)
15/10/2019,128.3,128.5,129.5,127.7,1165130,-0.3(-0.23 %)
14/10/2019,128.6,129,129,127.9,586040,0.6(0.47 %)
11/10/2019,128,127,128,126.9,631310,1(0.79 %)
10/10/2019,127,126.7,128.5,126.7,442150,0(0.00 %)
09/10/2019,127,128.8,128.8,126.8,663150,-2(-1.55 %)
08/10/2019,129,128.4,129.3,128.6,537440,-0.1(-0.08 %)
07/10/2019,129.1,128.4,130,128.2,833680,0.5(0.39 %)
04/10/2019,128.6,129.1,130.9,128.5,641540,-0.4(-0.31 %)
03/10/2019,129,126,129,125.5,825310,2(1.57 %)
02/10/2019,127,127.5,127.8,126.2,2070220,-1(-0.78 %)
01/10/2019,128,129.5,129.7,127.7,1207380,-1.7(-1.31 %)
30/09/2019,129.7,130.1,130.7,129.4,885490,-0.4(-0.31 %)
27/09/2019,130.1,130,131.1,129.4,1183530,0.1(0.08 %)
26/09/2019,130,127.1,130.1,126.5,1613560,3.6(2.85 %)
25/09/2019,126.4,126.3,126.9,125.5,617630,-0.5(-0.39 %)
24/09/2019,126.9,124.5,127.6,124.3,1340450,2.4(1.93 %)
23/09/2019,124.5,123,125.1,122.7,1560140,2.4(1.97 %)
20/09/2019,122.1,123.7,123.7,122.1,1623350,-1.5(-1.21 %)
19/09/2019,123.6,123.5,123.9,122.5,725700,-0.1(-0.08 %)
18/09/2019,123.7,121.5,123.9,121.7,972940,1.2(0.98 %)
17/09/2019,122.5,121.5,123,120.7,482570,1(0.82 %)
16/09/2019,121.5,121.5,121.5,120.1,604710,-0.6(-0.49 %)
13/09/2019,122.1,122.2,122.5,121.5,503530,0.1(0.08 %)
12/09/2019,122,122.5,123.3,121.4,600870,-0.1(-0.08 %)
11/09/2019,122.1,123.8,124,122.1,401410,-1.6(-1.29 %)
10/09/2019,123.7,124.3,124.3,123.3,647890,-0.8(-0.64 %)
09/09/2019,124.5,123,124.5,122.5,498850,1.7(1.38 %)
06/09/2019,122.8,122,123.1,122,315980,0.8(0.66 %)
05/09/2019,122,124.2,124.2,122,587180,-1.8(-1.45 %)
04/09/2019,123.8,123,124,122.6,405800,-0.2(-0.16 %)
03/09/2019,124,123,124.3,123,744840,1(0.81 %)
30/08/2019,123,120,124.2,122.7,797090,0(0.00 %)
29/08/2019,123,120,123,119.8,561530,3.6(3.02 %)
28/08/2019,119.4,120,120.1,119.2,521700,0.4(0.34 %)
27/08/2019,119,121.5,121.8,119,943130,-1.5(-1.24 %)
26/08/2019,120.5,122,122.2,120.2,839870,-2.5(-2.03 %)
23/08/2019,123,124.1,124.2,123,621830,-1(-0.81 %)
22/08/2019,124,123.9,124.3,123.8,525610,0.1(0.08 %)
21/08/2019,123.9,124,124.3,123.5,580860,-0.5(-0.40 %)
20/08/2019,124.4,124.9,124.9,124.1,787020,-0.5(-0.40 %)
19/08/2019,124.9,124.5,125.2,124.4,758210,0.8(0.64 %)
16/08/2019,124.1,121,125.7,120.5,1074270,2.1(1.72 %)
15/08/2019,122,117.3,122,117.3,673120,3.3(2.78 %)
14/08/2019,118.7,119.2,119.9,118.7,677360,0.7(0.59 %)
13/08/2019,118,120,120.2,118,1178780,-2.6(-2.16 %)
12/08/2019,120.6,121,121,120.4,442330,-0.4(-0.33 %)
09/08/2019,121,120.9,121.7,120.8,726150,0.1(0.08 %)
08/08/2019,120.9,121,121.6,120.2,570640,-0.1(-0.08 %)
07/08/2019,121,121,121.8,120.2,731780,0.8(0.67 %)
06/08/2019,120.2,121,121,119.2,938500,-1.8(-1.48 %)
05/08/2019,122,123.5,124.4,122,882750,-2(-1.61 %)
02/08/2019,124,123.5,124.2,123.3,471510,-0.2(-0.16 %)
01/08/2019,124.2,123.5,124.5,123.2,502790,1(0.81 %)
31/07/2019,123.2,123.5,124,122.9,816150,-0.3(-0.24 %)
30/07/2019,123.5,125,125.6,123.5,921500,0(0.00 %)
29/07/2019,123.5,124.1,124.4,123,1095840,-1(-0.80 %)
26/07/2019,124.5,125.3,125.9,124.5,526110,-0.6(-0.48 %)
25/07/2019,125.1,125,125.5,125,686030,-0.5(-0.40 %)
24/07/2019,125.6,126,126.9,125.2,593800,0.2(0.16 %)
23/07/2019,125.4,125.5,125.6,124.8,764550,-0.1(-0.08 %)
22/07/2019,125.5,126.5,126.5,125.5,721980,-1.4(-1.10 %)
19/07/2019,126.9,125,127.1,124.6,1381230,2.3(1.85 %)
18/07/2019,124.6,125,125.4,124.5,707720,-0.8(-0.64 %)
17/07/2019,125.4,124,125.9,123.9,965170,1.4(1.13 %)
16/07/2019,124,123.8,124.2,123.5,512540,0.8(0.65 %)
15/07/2019,123.2,125.2,124,123.2,703320,-0.8(-0.65 %)
12/07/2019,124,125.2,125.3,124,370730,-1.2(-0.96 %)
11/07/2019,125.2,125.5,125.5,125,277200,0.2(0.16 %)
10/07/2019,125,125,125.5,124.8,420940,0(0.00 %)
09/07/2019,125,124.2,125,123.6,951440,0.8(0.64 %)
08/07/2019,124.2,125.7,125.7,124,969080,-2(-1.58 %)
05/07/2019,126.2,126.2,126.6,125.7,520290,0(0.00 %)
04/07/2019,126.2,125.2,126.6,126.1,613870,0.2(0.16 %)
03/07/2019,126,125.2,126.3,124.8,657870,0.9(0.72 %)
02/07/2019,125.1,125.1,126.1,124.6,716810,0.1(0.08 %)
01/07/2019,125,125,125.1,123,991440,2(1.63 %)
28/06/2019,123,123,123.2,121.5,919970,-0.1(-0.08 %)
27/06/2019,123.1,123.1,123.8,122.9,802160,-0.4(-0.32 %)
26/06/2019,123.5,123.5,123.9,123,497730,0.1(0.08 %)
25/06/2019,123.4,123.1,124.2,123.1,704890,0.3(0.24 %)
24/06/2019,123.1,125.9,125.9,123.1,615090,-2.4(-1.91 %)
21/06/2019,125.5,125.5,125.5,123.3,2613920,2.2(1.78 %)
20/06/2019,123.3,123.5,123.5,123.1,1010200,-0.1(-0.08 %)
19/06/2019,123.4,123.4,123.7,123,929690,0.4(0.33 %)
18/06/2019,123,123,123.7,123,1039070,-0.7(-0.57 %)
17/06/2019,123.7,123.7,123.8,122.8,632730,0(0.00 %)
14/06/2019,123.7,123,124.2,122.9,665880,0.5(0.41 %)
13/06/2019,123.2,125.2,125.2,122.8,1125310,-2(-1.60 %)
12/06/2019,125.2,125.2,125.8,125.1,699880,-0.3(-0.24 %)
11/06/2019,125.5,127,127,125.4,565400,-1.4(-1.10 %)
10/06/2019,126.9,127,127.8,125.9,561260,0.3(0.24 %)
07/06/2019,126.6,126.3,127.4,126.3,362030,0.1(0.08 %)
06/06/2019,126.5,127.5,127.8,125.9,548650,-1(-0.78 %)
05/06/2019,127.5,128.6,129.2,127,358780,-1.1(-0.86 %)
04/06/2019,128.6,128.5,129,128,472650,0.6(0.47 %)
03/06/2019,128,129.5,130.1,127.1,717990,-1.5(-1.16 %)
31/05/2019,129.5,131.4,131.8,129.5,711390,-2(-1.52 %)
30/05/2019,131.5,132.8,133,131.5,542710,-1.4(-1.05 %)
29/05/2019,132.9,132.4,133.7,131.8,271730,0.9(0.68 %)
28/05/2019,132,134,134.5,131.7,608790,-2(-1.49 %)
27/05/2019,134,131,134,129.9,320060,3.5(2.68 %)
24/05/2019,130.5,131,133.5,130.4,765150,-1.6(-1.21 %)
23/05/2019,132.1,131.2,133,131.2,429290,0(0.00 %)
22/05/2019,132.1,132.1,135,131.9,619370,-1.4(-1.05 %)
21/05/2019,133.5,137,137,133.5,762310,-4(-2.91 %)
20/05/2019,137.5,135,137.6,134.7,450900,1.9(1.40 %)
17/05/2019,135.6,136.5,136.5,135.5,435380,-0.8(-0.59 %)
16/05/2019,136.4,135.3,136.4,135,702130,0.8(0.59 %)
15/05/2019,135.6,135.5,136.4,134.4,355850,0.1(0.07 %)
14/05/2019,135.5,132.2,136.4,132.2,1097910,1.6(1.19 %)
13/05/2019,133.9,129.8,133.9,129.8,974030,3.8(2.92 %)
10/05/2019,130.1,128.5,130.1,128.5,366690,1.9(1.48 %)
09/05/2019,128.2,128.5,129.1,128,287680,0.2(0.16 %)
08/05/2019,128,128.1,129.1,128,628830,-1.5(-1.16 %)
07/05/2019,129.5,129.9,130,129.2,723470,0.4(0.31 %)
06/05/2019,129.1,130.3,130.3,128,368910,-1.9(-1.45 %)
03/05/2019,131,131,131,129.9,486390,1(0.77 %)
02/05/2019,130,130,131.1,129.7,736990,0.2(0.15 %)
26/04/2019,129.8,129.8,130.3,129.3,565240,0.3(0.23 %)
25/04/2019,129.5,129.6,129.7,128.3,414330,0(0.00 %)
24/04/2019,129.5,127.8,129.5,127.4,482490,2.5(1.97 %)
23/04/2019,127,128.1,129.5,126.7,974950,-2.6(-2.01 %)
22/04/2019,129.6,131,132,129.2,1417290,-3.4(-2.56 %)
19/04/2019,133,135.5,135.6,132.5,599290,-2.2(-1.63 %)
18/04/2019,135.2,135,135.5,134.9,601240,0.2(0.15 %)
17/04/2019,135,136.4,136.9,134.9,864260,-1(-0.74 %)
16/04/2019,136,135,136.4,135,514140,0.3(0.22 %)
12/04/2019,135.7,135.6,136.1,134.9,684520,0.1(0.07 %)
11/04/2019,135.6,135.3,136.2,135.3,383850,0.3(0.22 %)
10/04/2019,135.3,135,136.5,135,873110,-0.1(-0.07 %)
09/04/2019,135.4,137.9,137.9,135,1148040,-1.8(-1.31 %)
08/04/2019,137.2,137.4,137.7,136.5,546190,0.9(0.66 %)
05/04/2019,136.3,138,138,136.3,1017700,-1.7(-1.23 %)
04/04/2019,138,138,139.8,138,469730,-0.5(-0.36 %)
03/04/2019,138.5,139,139,137.6,683970,-0.5(-0.36 %)
02/04/2019,139,139.9,139.9,137.3,1233340,0.4(0.29 %)
01/04/2019,138.6,135.5,138.6,135,796720,3.8(2.82 %)
29/03/2019,134.8,135.2,136.5,134.8,1357400,-0.4(-0.30 %)
28/03/2019,135.2,136.4,136.5,135.2,816770,-1.3(-0.95 %)
27/03/2019,136.5,136.6,137.2,136.3,682000,0(0.00 %)
26/03/2019,136.5,136.5,137.4,136,684470,0(0.00 %)
25/03/2019,136.5,134.7,136.5,134.6,582580,0(0.00 %)
22/03/2019,136.5,136,137,135.5,526570,0.5(0.37 %)
21/03/2019,136,139,139.9,136,885480,-2.5(-1.81 %)
20/03/2019,138.5,136.5,138.5,135.2,1269860,1.6(1.17 %)
19/03/2019,136.9,138,138,136.6,936230,-1.1(-0.80 %)
18/03/2019,138,138,138.6,137.5,910690,1(0.73 %)
15/03/2019,137,137.2,138,136.5,1254050,-0.2(-0.15 %)
14/03/2019,137.2,139,139,136.7,920860,-1.1(-0.80 %)
13/03/2019,138.3,139.5,140.1,138.2,616010,-0.7(-0.50 %)
12/03/2019,139,138,139.5,138,560360,1.4(1.02 %)
11/03/2019,137.6,136.5,138.9,136.5,423100,0.6(0.44 %)
08/03/2019,137,139,139.5,135.6,980860,-2.7(-1.93 %)
07/03/2019,139.7,139.7,142,139.5,708000,-1.3(-0.92 %)
06/03/2019,141,142,142.8,138.5,711250,-1(-0.70 %)
05/03/2019,142,142.5,142.8,141.6,532510,-0.9(-0.63 %)
04/03/2019,142.9,141.5,143.9,141.5,876760,1.5(1.06 %)
01/03/2019,141.4,143.9,143.9,141.4,868720,0.3(0.21 %)
28/02/2019,141.1,148.5,148.5,141.1,976450,-6.6(-4.47 %)
27/02/2019,147.7,146.3,150,146.3,484610,1.6(1.10 %)
26/02/2019,146.1,150,152,145,806810,-5.5(-3.63 %)
25/02/2019,151.6,149,152.6,148.7,1211040,2.7(1.81 %)
22/02/2019,148.9,149,149.5,148.3,814320,0.4(0.27 %)
21/02/2019,148.5,143.5,149.1,143,1859260,5.5(3.85 %)
20/02/2019,143,143,143.5,142.8,983460,0.4(0.28 %)
19/02/2019,142.6,143,143.3,142.4,1974200,0.6(0.42 %)
18/02/2019,142,140.4,142.5,140.3,1082650,1.8(1.28 %)
15/02/2019,140.2,140,140.3,139.5,910160,0.8(0.57 %)
14/02/2019,139.4,138.3,140.3,138,1341090,1.1(0.80 %)
13/02/2019,138.3,138,138.4,136.2,764480,0.3(0.22 %)
12/02/2019,138,138,138.2,137,957440,1(0.73 %)
11/02/2019,137,135,137.9,134.9,1357210,2(1.48 %)
01/02/2019,135,135.8,135.8,133,731430,0(0.00 %)
31/01/2019,135,136.5,136.5,133.5,812290,-0.5(-0.37 %)
30/01/2019,135.5,136.6,136.6,135.5,279280,-1(-0.73 %)
29/01/2019,136.5,137,137,135.5,371010,0(0.00 %)
28/01/2019,136.5,136.5,136.6,135.9,487650,0.6(0.44 %)
25/01/2019,135.9,136,136.3,135.6,813810,0.4(0.30 %)
24/01/2019,135.5,135,135.5,134.3,1077600,1(0.74 %)
23/01/2019,134.5,134.9,135,133.8,1028650,0.5(0.37 %)
22/01/2019,134,134.2,135,133,399040,0.2(0.15 %)
21/01/2019,133.8,134.1,134.1,132.3,279380,-0.2(-0.15 %)
18/01/2019,134,133,134.9,133,545600,1.8(1.36 %)
17/01/2019,132.2,133,133.4,131.6,514870,-0.8(-0.60 %)
16/01/2019,133,133,134.7,132,562220,-1.9(-1.41 %)
15/01/2019,134.9,135,135.2,134,598510,-0.1(-0.07 %)
14/01/2019,135,133,135,132.9,611420,1(0.75 %)
11/01/2019,134,131.7,134,131.7,954110,2.3(1.75 %)
10/01/2019,131.7,131.9,132,130.9,301700,-0.2(-0.15 %)
09/01/2019,131.9,130,132.5,129,636050,1.9(1.46 %)
08/01/2019,130,131.4,131.4,128.7,448350,-1(-0.76 %)
07/01/2019,131,127.7,131,125.5,897430,6(4.80 %)
04/01/2019,125,122.5,125,121,498470,2.1(1.71 %)
03/01/2019,122.9,124,124,121.6,449730,-1.1(-0.89 %)
02/01/2019,124,124,124,121,403570,4(3.33 %)
28/12/2018,120,124,125.2,120,1013580,-3.2(-2.60 %)
27/12/2018,123.2,124,125.9,123.2,772610,0.2(0.16 %)
26/12/2018,124,124.6,124.6,122.5,670520,-0.6(-0.48 %)
25/12/2018,124.6,124.2,124.7,123,349610,-1(-0.80 %)
24/12/2018,125.6,123,126.5,123,459230,3.1(2.53 %)
21/12/2018,122.5,124.6,125,122.1,1901570,-3.7(-2.93 %)
20/12/2018,126.2,129,129,126.2,539710,-2.9(-2.25 %)
19/12/2018,129.1,131.1,131.5,129,484090,-2.6(-1.97 %)
18/12/2018,131.7,130.5,132,130.5,811850,-2.2(-1.64 %)
17/12/2018,133.9,135,135,133.9,1043020,-1.1(-0.81 %)
14/12/2018,135,135,135.4,134.4,260170,0(0.00 %)
13/12/2018,135,134,136,134,643110,1(0.75 %)
12/12/2018,134,134.1,134.9,133,782440,-0.8(-0.59 %)
11/12/2018,134.8,134.8,135.5,133.5,443060,-0.2(-0.15 %)
10/12/2018,135,133.9,136.5,133.5,1003810,1.1(0.82 %)
07/12/2018,133.9,132.1,134.6,132.1,509830,2.2(1.67 %)
06/12/2018,131.7,132,132.8,129.9,1089360,-1.3(-0.98 %)
05/12/2018,133,134.5,135.2,132.1,1107160,-3.5(-2.56 %)
04/12/2018,136.5,134,136.5,133.6,1001800,2.9(2.17 %)
03/12/2018,133.6,128,134,128,1282310,5.6(4.38 %)
30/11/2018,128,126,128.5,126,1417590,1.7(1.35 %)
29/11/2018,126.3,128.5,128.5,126.3,970820,-1.7(-1.33 %)
28/11/2018,128,126,129,126,1330740,1.5(1.19 %)
27/11/2018,126.5,124.5,127.5,123.2,1882720,3.4(2.76 %)
26/11/2018,123.1,118.2,123.4,118,1817580,5.1(4.32 %)
23/11/2018,118,119.9,119.9,117.5,416930,-2.1(-1.75 %)
22/11/2018,120.1,119.2,120.3,119.2,933880,0.9(0.76 %)
21/11/2018,119.2,116,119.2,115.7,1113540,2.7(2.32 %)
20/11/2018,116.5,115.4,116.6,115.3,715090,1.1(0.95 %)
19/11/2018,115.4,116,116.3,114.9,739450,0.4(0.35 %)
16/11/2018,115,117,117.5,115,566540,-2(-1.71 %)
15/11/2018,117,117.5,118,115,556360,-0.5(-0.43 %)
14/11/2018,117.5,116,118.3,115.8,674260,1.5(1.29 %)
13/11/2018,116,115.2,116.8,114.8,483810,-1(-0.85 %)
12/11/2018,117,115.3,117,115.1,596940,0(0.00 %)
09/11/2018,117,118,119.2,116.9,728150,-3(-2.50 %)
08/11/2018,120,120.8,121,119.5,815890,0.5(0.42 %)
07/11/2018,119.5,117.7,120.5,117.7,1339350,1.8(1.53 %)
06/11/2018,117.7,116.5,118.8,115.5,1599760,1.2(1.03 %)
05/11/2018,116.5,117.1,118.1,114.9,841100,-2(-1.69 %)
02/11/2018,118.5,114.3,118.8,114.3,1601100,4.2(3.67 %)
01/11/2018,114.3,117,117,111.5,1724930,-1.8(-1.55 %)
31/10/2018,116.1,117.3,118,114.5,1075800,-1.2(-1.02 %)
30/10/2018,117.3,120,120,117.3,535070,-2.7(-2.25 %)
29/10/2018,120,121.5,121.5,118.7,488810,-1.5(-1.23 %)
26/10/2018,121.5,121.9,122,120.9,643020,1.5(1.25 %)
25/10/2018,120,120,120.9,117.1,1154690,-2.6(-2.12 %)
24/10/2018,122.6,123.5,123.5,121.9,742160,-0.9(-0.73 %)
23/10/2018,123.5,125.7,125.7,121.7,1197220,-2.3(-1.83 %)
22/10/2018,125.8,126,126.8,125.8,316450,-1(-0.79 %)
19/10/2018,126.8,125.1,126.8,124.1,1087950,0.8(0.63 %)
18/10/2018,126,126.9,127,125.9,349110,-0.9(-0.71 %)
17/10/2018,126.9,126.9,127.5,126.3,444290,0.9(0.71 %)
16/10/2018,126,126,126.4,125.2,988520,0.3(0.24 %)
15/10/2018,125.7,129,129,125.6,692180,-2.8(-2.18 %)
12/10/2018,128.5,127,128.7,124.6,957810,1.5(1.18 %)
11/10/2018,127,127,129,123,1182360,-3(-2.31 %)
10/10/2018,130,130.5,130.9,129.8,636650,-0.9(-0.69 %)
09/10/2018,130.9,132.2,133,130.8,660630,-2.1(-1.58 %)
08/10/2018,133,134.1,134.7,133,566750,-2.2(-1.63 %)
05/10/2018,135.2,136,136.1,135,519180,-1.7(-1.24 %)
04/10/2018,136.9,136.9,137,135.9,304620,0(0.00 %)
03/10/2018,136.9,137,137.1,136.5,701280,-0.1(-0.07 %)
02/10/2018,137,135,137.6,135,581340,0.7(0.51 %)
01/10/2018,136.3,136.8,137,136,514820,-1(-0.73 %)
28/09/2018,137.3,138.5,138.9,137.3,520020,-1.2(-0.87 %)
27/09/2018,138.5,138.5,140,136.8,980840,2(1.47 %)
26/09/2018,136.5,136.9,136.9,136.3,418120,-0.4(-0.29 %)
25/09/2018,136.9,136.9,137.1,136.2,480150,-0.1(-0.07 %)
24/09/2018,137,137.8,137.8,136.2,639720,-0.8(-0.58 %)
21/09/2018,137.8,136,137.8,134.9,1840850,1.8(1.32 %)
20/09/2018,136,137.2,137.3,136,771520,-1.8(-1.31 %)
19/09/2018,137.8,138,138.2,136.9,929630,-0.2(-0.14 %)
18/09/2018,138,136.1,138.8,135.2,1310670,2(1.47 %)
17/09/2018,136,134,136,133.3,1148720,3(2.26 %)
14/09/2018,133,132.1,134,132.1,969270,0.9(0.68 %)
13/09/2018,132.1,132,132.5,130.8,655170,-0.3(-0.23 %)
12/09/2018,132.4,133,134.8,132.2,1342390,0.4(0.30 %)
11/09/2018,132,127.5,132.4,127.5,1533670,4.4(3.45 %)
10/09/2018,127.6,127.5,128.4,127.3,603870,0.5(0.39 %)
07/09/2018,127.1,122,127.6,122,882130,5(4.10 %)
06/09/2018,122.1,125.5,126.4,122,1234110,-3.4(-2.71 %)
05/09/2018,125.5,130,130,125.2,1250390,-3.42(-2.65 %)
04/09/2018,156.7,157.8,157.8,156.6,690780,0(0.00 %)
31/08/2018,156.7,157,158.8,156.7,726110,0.2(0.13 %)
30/08/2018,156.5,157.6,157.7,155.5,899040,-1.1(-0.70 %)
29/08/2018,157.6,159.5,159.6,156.9,1124120,-1.7(-1.07 %)
28/08/2018,159.3,160.1,160.2,159,1057220,-1(-0.62 %)
27/08/2018,160.3,163,163,160,1141160,-1.9(-1.17 %)
24/08/2018,162.2,163.3,163.3,162.2,453010,-1.1(-0.67 %)
23/08/2018,163.3,163,163.3,162.5,410280,0.3(0.18 %)
22/08/2018,163,163.8,163.9,161.9,640010,0(0.00 %)
21/08/2018,163,160.7,163,160.3,664240,2.9(1.81 %)
20/08/2018,160.1,159,161.9,158.6,1290170,1.6(1.01 %)
17/08/2018,158.5,159,159.5,158.5,408930,-0.1(-0.06 %)
16/08/2018,158.6,158,158.6,155.6,1038700,0.1(0.06 %)
15/08/2018,158.5,158.5,160.4,158.2,1081050,0.4(0.25 %)
14/08/2018,158.1,159,159.9,157.8,995480,2(1.28 %)
13/08/2018,156.1,157,157,155.4,1245500,-1.1(-0.70 %)
10/08/2018,157.2,157,157.8,156,908450,0.2(0.13 %)
09/08/2018,157,158,159.8,156,770210,1.5(0.96 %)
08/08/2018,155.5,152,156.5,152,1267410,2.5(1.63 %)
07/08/2018,153,160,160,153,2337260,-6.9(-4.32 %)
06/08/2018,159.9,162,162,159.5,1238870,-1.7(-1.05 %)
03/08/2018,161.6,164.7,164.7,161.3,1232510,-3.4(-2.06 %)
02/08/2018,165,166.3,166.9,161.7,1590510,-1.9(-1.14 %)
01/08/2018,166.9,168,168.2,166.6,684770,-1.3(-0.77 %)
31/07/2018,168.2,168,169,167,634220,-0.3(-0.18 %)
30/07/2018,168.5,169,169.9,167.8,453180,-0.3(-0.18 %)
27/07/2018,168.8,171,171.5,168.6,290680,-2.7(-1.57 %)
26/07/2018,171.5,169.9,171.5,169,519640,1.6(0.94 %)
25/07/2018,169.9,170,170.4,169.9,427050,0(0.00 %)
24/07/2018,169.9,169.8,171,169.3,566120,-0.1(-0.06 %)
23/07/2018,170,170,171.8,168.2,685300,0.5(0.29 %)
20/07/2018,169.5,169.5,170.8,169.2,620700,-1(-0.59 %)
19/07/2018,170.5,173,173,169,970590,1.5(0.89 %)
18/07/2018,169,168,169,167.5,503880,1.1(0.66 %)
17/07/2018,167.9,166.5,168,166.4,588420,-0.1(-0.06 %)
16/07/2018,168,167.2,168.3,165.8,557460,1.7(1.02 %)
13/07/2018,166.3,168.3,168.8,165.8,384360,-2(-1.19 %)
12/07/2018,168.3,168.3,168.8,167,158530,1.3(0.78 %)
11/07/2018,167,167,168.5,166,729620,0(0.00 %)
10/07/2018,167,167,168.9,167,701800,0(0.00 %)
09/07/2018,167,168.9,169.5,166.8,320530,1(0.60 %)
06/07/2018,166,164,170,164,449020,1(0.61 %)
05/07/2018,165,167,168,164,880690,-2(-1.20 %)
04/07/2018,167,170,170,167,856350,-3(-1.76 %)
03/07/2018,170,170,170.1,169,1055480,-1(-0.58 %)
02/07/2018,171,170,171,169,974640,1(0.59 %)
29/06/2018,170,170,172.5,170,1164710,0(0.00 %)
28/06/2018,170,174,174.6,169,748160,-5(-2.86 %)
27/06/2018,175,174.6,175.9,174.6,320100,-0.9(-0.51 %)
26/06/2018,175.9,176.5,178,174,250240,-3.3(-1.84 %)
25/06/2018,179.2,182,182,178.5,637320,1.2(0.67 %)
22/06/2018,178,168.5,178.5,168.5,1123650,8(4.71 %)
21/06/2018,170,168.8,170.5,168,381390,1.2(0.71 %)
20/06/2018,168.8,166,169.8,165.8,569890,2.5(1.50 %)
19/06/2018,166.3,172,172,165.1,1076550,-6.4(-3.71 %)
18/06/2018,172.7,178.1,179.8,172.7,356320,-7.3(-4.06 %)
15/06/2018,180,178.6,180.5,178,1114730,0(0.00 %)
14/06/2018,180,180.1,181,178.7,767750,-1(-0.55 %)
13/06/2018,181,181,181,179.4,472470,0(0.00 %)
12/06/2018,181,179,181,178,873690,0.9(0.50 %)
11/06/2018,180.1,177,182,176.5,721050,3.1(1.75 %)
08/06/2018,177,175.1,177,175.1,505520,-0.3(-0.17 %)
07/06/2018,177.3,175.8,177.9,175.7,401900,2.3(1.31 %)
06/06/2018,175,177,177,173.5,463720,-2(-1.13 %)
05/06/2018,177,175,179.9,173.5,879160,3.5(2.02 %)
04/06/2018,175,170,175.2,169,965230,6.8(4.04 %)
01/06/2018,168.2,166,169.2,165.5,1051610,4(2.44 %)
31/05/2018,164.2,165.5,166,163.5,2231710,-1.3(-0.79 %)
30/05/2018,165.5,168,168.1,165.1,491920,-3.1(-1.84 %)
29/05/2018,168.6,163.5,169.5,162,703120,3.6(2.18 %)
28/05/2018,165,165,165.5,162,464830,-1(-0.60 %)
25/05/2018,166,167,168,166,512860,-2(-1.19 %)
24/05/2018,168,169,169.4,166.8,807290,0.7(0.42 %)
23/05/2018,167.3,160.1,169.5,160.1,971280,5.3(3.27 %)
22/05/2018,162,165,166,160,1185350,-4(-2.41 %)
21/05/2018,166,172,172,165.1,1042490,-5.1(-2.98 %)
18/05/2018,171.1,166,171.1,165.6,1153810,6.1(3.70 %)
17/05/2018,165,169,169.5,165,1028400,-4.1(-2.42 %)
16/05/2018,169.1,176,177.1,169.1,1644010,-6.9(-3.92 %)
15/05/2018,176,180,180.5,176,1240740,-2(-1.12 %)
14/05/2018,178,179,180,176,575000,0(0.00 %)
11/05/2018,178,180,181,177,1006620,-2(-1.11 %)
10/05/2018,180,186,186,179,451010,-5(-2.70 %)
09/05/2018,185,185,186,184,555260,-0.1(-0.05 %)
08/05/2018,185.1,190.5,190.5,185.1,514230,-4.9(-2.58 %)
07/05/2018,190,185,190.5,184.5,771810,6(3.26 %)
04/05/2018,184,184.8,185,183.7,735730,-1(-0.54 %)
03/05/2018,185,187,187,184,878320,0.5(0.27 %)
02/05/2018,184.5,184.5,186,184.5,619230,-0.5(-0.27 %)
27/04/2018,185,182.4,189,182,997890,4(2.21 %)
26/04/2018,181,181.9,181.9,180,959520,1(0.56 %)
24/04/2018,180,179,181,176.1,1469750,-2.4(-1.32 %)
23/04/2018,182.4,182.4,185.9,182,636940,-3.6(-1.94 %)
20/04/2018,186,187,187,185,739700,-1.5(-0.80 %)
19/04/2018,187.5,187.5,188.3,186.4,845170,0(0.00 %)
18/04/2018,187.5,185,187.5,184.3,756500,3(1.63 %)
17/04/2018,184.5,187.5,189,181.2,1217530,-5.5(-2.89 %)
16/04/2018,190,195.7,195.7,190,653380,-5.7(-2.91 %)
13/04/2018,195.7,197,197,195.5,727110,-0.6(-0.31 %)
12/04/2018,196.3,196.5,196.8,195.4,751180,0.3(0.15 %)
11/04/2018,196,196,197.5,195.4,846970,-1(-0.51 %)
10/04/2018,197,197.8,197.8,195,1093850,-0.8(-0.40 %)
09/04/2018,197.8,199,199.2,197,699250,-0.4(-0.20 %)
06/04/2018,198.2,197.2,199.7,197,621180,0.9(0.46 %)
05/04/2018,197.3,200,200,195.8,452710,-2.7(-1.35 %)
04/04/2018,200,193.7,200,193.7,991130,6.3(3.25 %)
03/04/2018,193.7,200,200.5,192.6,2017950,-6(-3.00 %)
02/04/2018,199.7,202.5,202.9,198.5,1768080,-3.3(-1.63 %)
30/03/2018,203,207,207,201.1,1529690,-4(-1.93 %)
29/03/2018,207,211,211.3,207,758530,-4(-1.90 %)
28/03/2018,211,213,214,211,585030,-2(-0.94 %)
27/03/2018,213,210,214.7,209,1660410,4.5(2.16 %)
26/03/2018,208.5,207,210.5,206.6,643500,1.5(0.72 %)
23/03/2018,207,206.1,208,205.1,685220,-2(-0.96 %)
22/03/2018,209,211.9,211.9,209,478650,0(0.00 %)
21/03/2018,209,209,211.1,209,907550,0(0.00 %)
20/03/2018,209,212,212,209,684730,-3(-1.42 %)
19/03/2018,212,212,214.5,210.5,801280,-2(-0.93 %)
16/03/2018,214,214,214,209,1730500,3.8(1.81 %)
15/03/2018,210.2,213,213,209.8,623080,-2.8(-1.31 %)
14/03/2018,213,210,214,209.2,1133180,3(1.43 %)
13/03/2018,210,206,211,206,1265790,4(1.94 %)
12/03/2018,206,206,210.7,206,828230,-2(-0.96 %)
09/03/2018,208,209,210.6,208,1021150,-1(-0.48 %)
08/03/2018,209,207,209.3,207,592410,2.9(1.41 %)
07/03/2018,206.1,201.1,210,201.1,1981110,4.1(2.03 %)
06/03/2018,202,202.4,203.5,199.2,786240,-0.4(-0.20 %)
05/03/2018,202.4,199.8,205,198.5,712070,3.1(1.56 %)
02/03/2018,199.3,196,199.5,195,412780,3.3(1.68 %)
01/03/2018,196,196,199,196,732890,0(0.00 %)
28/02/2018,196,199,199.6,196,886780,-4(-2.00 %)
27/02/2018,200,202,202,198,457260,0(0.00 %)
26/02/2018,200,202,204,200,889620,-2(-0.99 %)
23/02/2018,202,203,203.5,199,481780,1(0.50 %)
22/02/2018,201,203.2,203.2,199.1,449840,-2.2(-1.08 %)
21/02/2018,203.2,197.9,203.2,194,649890,9.7(5.01 %)
13/02/2018,193.5,192,195,192,541650,1.5(0.78 %)
12/02/2018,192,189,192,189,970250,1(0.52 %)
09/02/2018,191,190,192,187,856530,-6.1(-3.09 %)
08/02/2018,197.1,200,200.3,196.4,234230,-3.2(-1.60 %)
07/02/2018,200.3,203.8,203.8,200.2,507670,2.4(1.21 %)
06/02/2018,197.9,197.9,202,189.5,1484810,-5.2(-2.56 %)
05/02/2018,203.1,202.5,205,201.7,504920,-3.9(-1.88 %)
02/02/2018,207,201.5,207,201.5,677340,4(1.97 %)
01/02/2018,203,204,206.6,201,451270,-0.5(-0.25 %)
31/01/2018,203.5,202.4,207.5,201.1,1120270,-1(-0.49 %)
30/01/2018,204.5,204,205,202.9,843170,-2(-0.97 %)
29/01/2018,206.5,211.8,212,206.5,573230,-5.3(-2.50 %)
26/01/2018,211.8,207.1,212.2,207.1,672410,4.8(2.32 %)
25/01/2018,207,209,211.8,207,1059420,-4.6(-2.17 %)
22/01/2018,211.6,207,211.7,206,1031780,6(2.92 %)
19/01/2018,205.6,206.4,209.4,205.6,1094050,0(0.00 %)
18/01/2018,205.6,200,205.6,199.5,921800,4.5(2.24 %)
17/01/2018,201.1,207,208,200,891480,-7.2(-3.46 %)
16/01/2018,208.3,207.2,208.5,207.2,701460,-0.2(-0.10 %)
15/01/2018,208.5,209,209.5,208,405160,-1.4(-0.67 %)
12/01/2018,209.9,210,211,209.3,585640,-0.1(-0.05 %)
11/01/2018,210,212,212,209.1,794780,-1(-0.47 %)
10/01/2018,211,205.2,211,205.2,902750,4(1.93 %)
09/01/2018,207,210.1,212,206.5,810590,-3(-1.43 %)
08/01/2018,210,213,213,208.5,674800,-3.5(-1.64 %)
05/01/2018,213.5,214,215,212.5,518860,-1.3(-0.61 %)
04/01/2018,214.8,213.1,215,213.1,704350,0.9(0.42 %)
03/01/2018,213.9,213.5,215,212.1,557370,2.4(1.13 %)
02/01/2018,211.5,211,211.9,208.6,372760,2.9(1.39 %)
